Column1,Column2,Column3,Column4,Column5,Column6
11254,4293,-15552,12135,-2683,-9457
11012,4617,-15634,12051,-2421,-9635
10764,4936,-15708,11961,-2159,-9807
10511,5257,-15774,11865,-1894,-9977
10255,5573,-15835,11766,-1630,-10141
9996,5888,-15889,11659,-1364,-10301
9729,6199,-15934,11550,-1100,-10456
9459,6508,-15975,11433,-831,-10607
9185,6815,-16005,11313,-566,-10753
8906,7117,-16030,11186,-298,-10895
8621,7423,-16049,11055,-25,-11033
8341,7716,-16060,10922,235,-11163
8050,8008,-16063,10779,503,-11287
7755,8299,-16062,10636,770,-11411
7461,8585,-16052,10485,1035,-11528
7162,8867,-16033,10332,1299,-11639
6858,9147,-16009,10173,1567,-11747
6554,9421,-15980,10009,1831,-11846
6243,9691,-15939,9840,2096,-11944
5933,9956,-15897,9669,2359,-12035
5619,10221,-15843,9494,2620,-12121
5302,10477,-15784,9312,2881,-12201
4984,10729,-15718,9128,3141,-12276
4663,10977,-15645,8940,3399,-12346
4339,11220,-15564,8747,3656,-12409
4013,11460,-15478,8551,3912,-12469
3688,11692,-15386,8352,4165,-12522
3358,11920,-15286,8149,4416,-12569
3032,12142,-15179,7942,4665,-12612
2698,12361,-15066,7729,4913,-12650
2367,12572,-14943,7515,5159,-12680
2035,12780,-14820,7298,5402,-12706
1699,12982,-14686,7077,5642,-12726
1362,13175,-14544,6854,5880,-12740
1027,13367,-14398,6627,6117,-12751
692,13548,-14247,6397,6350,-12754
356,13726,-14087,6166,6579,-12751
21,13899,-13923,5930,6807,-12743
-316,14065,-13752,5692,7032,-12729
-657,14225,-13572,5447,7255,-12711
-988,14378,-13393,5209,7471,-12685
-1325,14524,-13204,4964,7686,-12656
-1659,14663,-13007,4716,7897,-12619
-1994,14797,-12809,4468,8105,-12579
-2327,14926,-12603,4216,8309,-12532
-2659,15047,-12391,3963,8509,-12478
-2991,15163,-12176,3708,8707,-12423
-3320,15269,-11953,3453,8900,-12360
-3649,15372,-11725,3193,9090,-12288
-3975,15463,-11491,2936,9275,-12217
-4301,15553,-11254,2674,9456,-12138
-4624,15631,-11011,2412,9631,-12052
-4945,15707,-10764,2151,9806,-11963
-5264,15772,-10514,1887,9973,-11866
-5581,15833,-10254,1622,10138,-11766
-5896,15887,-9995,1355,10298,-11661
-6208,15932,-9728,1090,10453,-11550
-6517,15971,-9458,823,10602,-11434
-6823,16004,-9185,557,10750,-11313
-7129,16030,-8905,290,10891,-11187
-7425,16046,-8624,23,11026,-11055
-7723,16060,-8340,-241,11159,-10922
-8016,16061,-8050,-509,11286,-10781
-8307,16057,-7756,-778,11407,-10634
-8591,16049,-7461,-1044,11524,-10486
-8874,16032,-7162,-1308,11636,-10332
-9153,16006,-6858,-1575,11743,-10173
-9427,15976,-6552,-1839,11844,-10010
-9698,15938,-6244,-2103,11940,-9842
-9962,15891,-5933,-2366,12029,-9668
-10225,15840,-5618,-2629,12117,-9493
-10484,15782,-5302,-2890,12196,-9312
-10736,15714,-4983,-3150,12272,-9127
-10984,15642,-4661,-3408,12342,-8940
-11228,15561,-4337,-3664,12406,-8747
-11465,15474,-4012,-3918,12464,-8550
-11699,15382,-3687,-4172,12517,-8350
-11926,15281,-3358,-4423,12566,-8147
-12148,15173,-3027,-4673,12607,-7938
-12367,15061,-2697,-4921,12644,-7729
-12579,14940,-2364,-5166,12677,-7514
-12786,14812,-2031,-5410,12700,-7296
-12986,14680,-1697,-5650,12721,-7076
-13182,14539,-1363,-5888,12736,-6851
-13370,14393,-1025,-6122,12743,-6625
-13556,14242,-691,-6357,12748,-6395
-13731,14084,-354,-6587,12745,-6163
-13904,13919,-15,-6814,12736,-5928
-14071,13748,318,-7039,12723,-5689
-14230,13570,655,-7260,12703,-5449
-14379,13386,990,-7477,12679,-5207
-14529,13197,1325,-7691,12652,-4962
-14669,13004,1661,-7904,12615,-4715
-14802,12804,1996,-8112,12572,-4466
-14931,12598,2331,-8317,12525,-4214
-15052,12384,2661,-8517,12473,-3961
-15165,12166,2992,-8714,12414,-3707
-15275,11948,3324,-8907,12352,-3451
-15373,11717,3652,-9097,12286,-3192
-15468,11485,3979,-9280,12209,-2931
-15556,11247,4304,-9463,12129,-2671
-15636,11006,4625,-9639,12045,-2410
-15709,10758,4947,-9813,11954,-2147
-15776,10507,5267,-9982,11861,-1882
-15837,10249,5584,-10144,11758,-1619
-15889,9986,5899,-10304,11652,-1353
-15936,9722,6209,-10460,11543,-1088
-15974,9452,6518,-10610,11426,-822
-16005,9177,6824,-10755,11304,-555
-16032,8899,7128,-10898,11179,-288
-16048,8616,7426,-11034,11048,-17
-16060,8331,7723,-11164,10913,246
-16063,8040,8017,-11292,10772,514
-16061,7748,8307,-11413,10627,780
-16049,7452,8592,-11528,10476,1045
-16033,7148,8880,-11643,10320,1317
-16008,6850,9154,-11748,10164,1578
-15976,6542,9429,-11849,10001,1842
-15939,6235,9698,-11944,9833,2106
-15892,5925,9966,-12036,9660,2370
-15841,5609,10228,-12120,9484,2631
-15782,5292,10483,-12202,9303,2892
-15714,4973,10735,-12276,9119,3152
-15641,4653,10983,-12346,8930,3409
-15562,4329,11228,-12410,8739,3667
-15476,4003,11466,-12468,8541,3923
-15382,3677,11697,-12521,8341,4174
-15282,3350,11928,-12570,8137,4426
-15172,3018,12149,-12611,7931,4677
-15060,2687,12365,-12647,7719,4923
-14940,2356,12581,-12680,7506,5169
-14813,2022,12785,-12705,7288,5413
-14679,1688,12985,-12723,7066,5651
-14538,1347,13185,-12741,6839,5894
-14393,1017,13370,-12748,6617,6127
-14238,680,13552,-12751,6386,6359
-14083,345,13731,-12749,6154,6591
-13916,10,13903,-12741,5919,6817
-13745,-327,14068,-12725,5681,7039
-13569,-663,14228,-12709,5440,7262
-13385,-1000,14381,-12682,5196,7480
-13194,-1336,14526,-12651,4952,7693
-13001,-1670,14668,-12616,4706,7906
-12800,-2004,14801,-12575,4454,8113
-12594,-2337,14927,-12527,4203,8318
-12385,-2671,15050,-12476,3952,8518
-12167,-3002,15163,-12418,3696,8715
-11942,-3330,15270,-12351,3441,8908
-11716,-3661,15372,-12284,3182,9098
-11483,-3988,15465,-12210,2923,9283
-11245,-4312,15553,-12131,2660,9464
-11004,-4635,15634,-12047,2400,9641
-10755,-4956,15706,-11955,2136,9813
-10504,-5278,15773,-11860,1873,9982
-10246,-5592,15834,-11761,1608,10145
-9985,-5906,15885,-11654,1343,10304
-9717,-6219,15930,-11542,1077,10461
-9448,-6527,15972,-11427,811,10612
-9174,-6834,16003,-11305,545,10756
-8896,-7137,16026,-11179,277,10897
-8615,-7437,16046,-11050,13,11034
-8327,-7732,16055,-10913,-257,11164
-8037,-8027,16058,-10772,-523,11290
-7746,-8316,16056,-10629,-789,11413
-7449,-8600,16045,-10478,-1056,11528
-7148,-8884,16026,-10324,-1320,11640
-6847,-9162,16003,-10166,-1588,11748
-6540,-9435,15972,-10002,-1853,11848
-6230,-9706,15933,-9834,-2116,11943
-5921,-9972,15890,-9661,-2381,12036
-5605,-10234,15835,-9484,-2642,12120
-5289,-10491,15775,-9304,-2902,12201
-4970,-10745,15709,-9118,-3163,12276
-4650,-10992,15635,-8929,-3421,12346
-4325,-11235,15555,-8737,-3677,12409
-4001,-11474,15469,-8542,-3933,12469
-3675,-11705,15374,-8340,-4185,12519
-3346,-11934,15275,-8136,-4437,12569
-3016,-12157,15170,-7931,-4686,12611
-2686,-12374,15053,-7718,-4934,12647
-2354,-12586,14933,-7503,-5180,12677
-2013,-12797,14804,-7284,-5425,12704
-1684,-12992,14672,-7065,-5663,12723
-1349,-13187,14531,-6842,-5899,12736
-1014,-13377,14386,-6614,-6136,12747
-677,-13560,14233,-6385,-6369,12749
-341,-13738,14074,-6151,-6600,12746
-4,-13910,13909,-5917,-6827,12738
331,-14075,13738,-5680,-7051,12725
664,-14232,13561,-5440,-7272,12703
1004,-14387,13377,-5197,-7491,12681
1338,-14533,13189,-4951,-7704,12648
1672,-14673,12993,-4704,-7915,12613
2008,-14808,12793,-4455,-8123,12571
2341,-14933,12586,-4202,-8327,12524
2673,-15055,12373,-3950,-8529,12471
3005,-15168,12158,-3694,-8724,12415
3334,-15276,11934,-3438,-8917,12351
3661,-15376,11708,-3180,-9106,12282
3988,-15472,11476,-2922,-9293,12210
4314,-15557,11237,-2661,-9472,12127
4639,-15638,10993,-2398,-9650,12043
4959,-15713,10747,-2135,-9823,11952
5275,-15779,10495,-1871,-9990,11857
5594,-15837,10237,-1608,-10152,11756
5908,-15891,9975,-1343,-10315,11650
6221,-15937,9710,-1076,-10468,11538
6529,-15974,9438,-810,-10619,11421
6836,-16006,9165,-543,-10766,11302
7139,-16031,8887,-274,-10905,11175
7438,-16047,8603,-5,-11041,11045
7734,-16060,8318,258,-11174,10909
8027,-16063,8028,526,-11300,10767
8316,-16058,7735,792,-11421,10621
8603,-16050,7440,1058,-11538,10474
8885,-16030,7140,1323,-11649,10318
9163,-16007,6836,1589,-11755,10160
9438,-15975,6531,1854,-11857,9997
9710,-15936,6221,2120,-11952,9825
9974,-15889,5909,2382,-12043,9654
10236,-15839,5597,2643,-12129,9481
10491,-15779,5280,2904,-12208,9297
10745,-15712,4959,3163,-12282,9112
10993,-15639,4639,3421,-12353,8925
11235,-15558,4317,3678,-12416,8731
11475,-15470,3989,3934,-12473,8535
11708,-15378,3665,4185,-12529,8334
11935,-15276,3335,4438,-12572,8130
12156,-15168,3007,4688,-12616,7923
12374,-15055,2674,4934,-12654,7713
12585,-14934,2343,5179,-12684,7497
12792,-14806,2009,5423,-12709,7280
12995,-14674,1675,5663,-12729,7059
13188,-14533,1339,5901,-12744,6835
13376,-14386,1003,6137,-12751,6607
13561,-14234,667,6369,-12755,6379
13737,-14075,331,6598,-12751,6146
13908,-13911,-3,6826,-12744,5912
14074,-13740,-340,7052,-12731,5672
14232,-13561,-678,7271,-12710,5432
14384,-13378,-1014,7489,-12684,5189
14533,-13188,-1350,7704,-12655,4944
14671,-12993,-1685,7915,-12618,4696
14806,-12792,-2019,8122,-12577,4447
14932,-12587,-2350,8328,-12530,4196
15052,-12373,-2684,8527,-12478,3943
15166,-12157,-3015,8725,-12418,3688
15276,-11934,-3347,8917,-12355,3432
15374,-11707,-3673,9106,-12284,3173
15468,-11473,-4000,9290,-12212,2913
15556,-11235,-4325,9472,-12133,2652
15634,-10992,-4648,9649,-12047,2390
15707,-10743,-4969,9821,-11955,2129
15776,-10492,-5288,9990,-11862,1865
15835,-10232,-5605,10153,-11759,1600
15886,-9973,-5919,10313,-11653,1335
15934,-9707,-6231,10468,-11544,1070
15970,-9437,-6540,10618,-11427,803
16003,-9163,-6847,10763,-11306,537
16028,-8885,-7147,10905,-11179,268
16044,-8602,-7448,11039,-11048,2
16054,-8315,-7745,11171,-10910,-266
16060,-8028,-8039,11299,-10773,-531
16054,-7733,-8327,11418,-10625,-798
16042,-7437,-8614,11534,-10476,-1064
16028,-7137,-8898,11648,-10323,-1332
16001,-6833,-9172,11752,-10161,-1597
15970,-6527,-9448,11853,-9999,-1861
15933,-6220,-9718,11949,-9831,-2125
15884,-5906,-9985,12040,-9657,-2389
15833,-5593,-10243,12124,-9482,-2651
15774,-5276,-10502,12206,-9301,-2911
15706,-4957,-10755,12278,-9115,-3171
15631,-4635,-11002,12349,-8925,-3428
15553,-4314,-11246,12413,-8736,-3685
15464,-3987,-11482,12471,-8536,-3941
15371,-3661,-11716,12523,-8335,-4193
15273,-3332,-11946,12572,-8133,-4445
15162,-3002,-12166,12613,-7926,-4694
15049,-2671,-12383,12650,-7714,-4941
14928,-2338,-12596,12681,-7499,-5188
14800,-2005,-12800,12707,-7283,-5429
14665,-1671,-13002,12724,-7062,-5670
14527,-1336,-13198,12741,-6838,-5910
14379,-998,-13385,12748,-6610,-6143
14227,-663,-13568,12750,-6380,-6378
14069,-328,-13748,12748,-6147,-6607
13902,11,-13916,12739,-5912,-6834
13729,344,-14083,12726,-5675,-7057
13554,680,-14242,12707,-5434,-7280
13370,1017,-14393,12681,-5191,-7498
13180,1353,-14539,12649,-4946,-7711
12987,1686,-14679,12615,-4698,-7921
12784,2022,-14814,12571,-4448,-8129
12578,2355,-14940,12524,-4197,-8333
12366,2688,-15062,12473,-3944,-8535
12149,3019,-15174,12413,-3688,-8730
11926,3348,-15281,12350,-3432,-8923
11700,3677,-15383,12283,-3176,-9113
11464,4005,-15475,12206,-2914,-9297
11228,4329,-15563,12126,-2654,-9477
10985,4653,-15644,12043,-2392,-9656
10734,4974,-15715,11950,-2129,-9826
10483,5293,-15782,11855,-1865,-9994
10227,5609,-15843,11755,-1601,-10159
9965,5923,-15892,11646,-1336,-10318
9698,6234,-15939,11537,-1068,-10472
9428,6544,-15978,11420,-803,-10623
9153,6849,-16009,11298,-535,-10769
8877,7151,-16033,11172,-268,-10909
8595,7453,-16052,11043,0,-11047
8307,7747,-16061,10905,265,-11176
8016,8041,-16064,10764,533,-11302
7724,8331,-16061,10620,799,-11425
7427,8616,-16049,10469,1065,-11540
7128,8897,-16031,10314,1330,-11650
6826,9177,-16008,10156,1596,-11759
6518,9451,-15974,9992,1861,-11858
6209,9721,-15935,9822,2124,-11954
5898,9988,-15892,9651,2389,-12046
5583,10248,-15837,9473,2650,-12129
5266,10506,-15776,9293,2910,-12210
4948,10759,-15711,9108,3170,-12284
4626,11005,-15637,8919,3427,-12353
4302,11248,-15554,8726,3684,-12417
3977,11487,-15470,8529,3940,-12476
3652,11718,-15373,8328,4192,-12527
3323,11944,-15275,8125,4444,-12575
2993,12167,-15167,7918,4693,-12618
2662,12385,-15052,7705,4941,-12653
2329,12595,-14932,7492,5187,-12684
1997,12803,-14805,7275,5429,-12709
1661,13002,-14668,7053,5669,-12728
1326,13197,-14529,6829,5906,-12742
990,13388,-14382,6601,6144,-12750
654,13569,-14228,6372,6376,-12752
318,13747,-14071,6139,6604,-12750
-17,13918,-13906,5905,6832,-12743
-353,14081,-13732,5665,7057,-12727
-689,14241,-13556,5425,7278,-12707
-1025,14395,-13373,5181,7495,-12682
-1361,14539,-13182,4937,7708,-12651
-1702,14681,-12984,4686,7923,-12615
-2031,14813,-12788,4440,8129,-12574
-2364,14939,-12580,4189,8330,-12527
-2697,15059,-12367,3936,8532,-12475
-3029,15176,-12151,3680,8730,-12416
-3357,15279,-11927,3422,8921,-12351
-3686,15381,-11699,3166,9110,-12282
-4012,15475,-11468,2906,9296,-12210
-4336,15561,-11228,2646,9475,-12129
-4660,15641,-10984,2384,9651,-12043
-4982,15715,-10738,2121,9825,-11952
-5300,15779,-10483,1857,9993,-11856
-5617,15838,-10227,1592,10155,-11756
-5931,15893,-9966,1326,10316,-11648
-6241,15937,-9698,1062,10469,-11536
-6550,15976,-9429,795,10621,-11421
-6858,16008,-9155,527,10766,-11300
-7159,16031,-8875,260,10905,-11172
-7460,16049,-8593,-5,11042,-11041
-7755,16058,-8308,-273,11173,-10906
-8047,16061,-8015,-539,11299,-10763
-8338,16058,-7725,-806,11422,-10618
-8624,16048,-7428,-1074,11538,-10470
-8906,16027,-7127,-1339,11648,-10314
-9184,16004,-6823,-1605,11754,-10154
-9460,15972,-6518,-1869,11855,-9991
-9728,15931,-6209,-2133,11951,-9821
-9993,15886,-5896,-2396,12040,-9650
-10254,15834,-5582,-2658,12128,-9473
-10511,15773,-5266,-2918,12204,-9292
-10763,15706,-4945,-3178,12282,-9106
-11010,15634,-4627,-3435,12350,-8919
-11254,15551,-4300,-3692,12412,-8725
-11491,15464,-3976,-3946,12469,-8527
-11726,15371,-3650,-4201,12525,-8328
-11949,15269,-3322,-4452,12569,-8124
-12173,15162,-2991,-4701,12611,-7915
-12391,15048,-2661,-4947,12648,-7706
-12601,14926,-2328,-5194,12679,-7490
-12808,14798,-1995,-5437,12703,-7272
-13010,14668,-1660,-5677,12723,-7052
-13203,14524,-1325,-5914,12736,-6826
-13391,14377,-989,-6150,12743,-6600
-13576,14225,-653,-6382,12747,-6369
-13751,14064,-315,-6612,12742,-6137
-13923,13900,20,-6839,12737,-5903
-14090,13728,355,-7063,12724,-5663
-14245,13549,692,-7284,12701,-5423
-14398,13366,1028,-7502,12677,-5177
-14546,13178,1364,-7718,12647,-4935
-14684,12980,1699,-7928,12608,-4685
-14817,12779,2034,-8134,12567,-4437
-14945,12575,2365,-8339,12521,-4187
-15061,12360,2698,-8539,12467,-3932
-15178,12143,3031,-8734,12409,-3678
-15288,11922,3360,-8930,12346,-3422
-15384,11692,3688,-9119,12276,-3162
-15477,11459,4014,-9302,12201,-2904
-15566,11222,4339,-9484,12121,-2642
-15644,10977,4662,-9659,12034,-2381
-15718,10728,4982,-9832,11944,-2117
-15784,10478,5301,-9998,11849,-1855
-15841,10218,5618,-10163,11746,-1590
-15894,9958,5932,-10321,11640,-1324
-15941,9691,6245,-10478,11530,-1058
-15977,9421,6552,-10626,11413,-790
-16009,9147,6858,-10772,11291,-526
-16035,8868,7162,-10914,11166,-257
-16051,8585,7461,-11047,11034,12
-16059,8293,7761,-11182,10895,280
-16066,8010,8050,-11306,10756,543
-16059,7715,8339,-11427,10610,809
-16048,7419,8623,-11540,10461,1076
-16032,7120,8908,-11655,10306,1342
-16005,6813,9185,-11760,10146,1609
-15972,6508,9458,-11861,9982,1873
-15933,6201,9728,-11956,9815,2135
-15887,5889,9994,-12044,9641,2398
-15832,5573,10256,-12130,9463,2661
-15776,5257,10513,-12211,9284,2921
-15705,4937,10764,-12283,9098,3180
-15632,4617,11012,-12355,8908,3437
-15553,4293,11255,-12417,8718,3696
-15464,3968,11492,-12475,8519,3950
-15370,3641,11725,-12527,8319,4203
-15271,3311,11953,-12578,8114,4455
-15161,2981,12172,-12615,7906,4702
-15046,2651,12390,-12650,7696,4951
-14928,2319,12603,-12684,7481,5196
-14797,1985,12807,-12707,7264,5438
-14665,1650,13007,-12726,7043,5679
-14525,1316,13204,-12742,6818,5916
-14376,980,13390,-12748,6590,6152
-14223,644,13573,-12751,6361,6385
-14065,307,13752,-12751,6127,6616
-13898,-27,13919,-12740,5892,6842
-13723,-365,14086,-12725,5654,7064
-13549,-701,14245,-12706,5414,7287
-13364,-1035,14397,-12680,5169,7504
-13176,-1373,14542,-12648,4924,7719
-12981,-1708,14683,-12613,4676,7929
-12777,-2042,14814,-12570,4427,8136
-12572,-2372,14942,-12523,4175,8341
-12362,-2708,15064,-12471,3922,8541
-12141,-3039,15175,-12411,3667,8737
-11918,-3369,15283,-12347,3411,8929
-11692,-3696,15383,-12278,3154,9119
-11455,-4024,15475,-12202,2893,9302
-11219,-4348,15563,-12122,2632,9483
-10977,-4670,15644,-12038,2370,9661
-10728,-4993,15713,-11946,2108,9832
-10475,-5310,15781,-11850,1843,10001
-10217,-5628,15841,-11749,1580,10164
-9953,-5942,15892,-11641,1313,10322
-9688,-6252,15937,-11530,1048,10476
-9417,-6563,15976,-11415,781,10629
-9143,-6868,16005,-11291,515,10772
-8866,-7170,16029,-11165,248,10914
-8584,-7469,16047,-11037,-18,11049
-8296,-7765,16055,-10898,-287,11179
-8005,-8059,16058,-10758,-552,11305
-7712,-8349,16055,-10613,-819,11426
-7410,-8638,16043,-10458,-1089,11544
-7115,-8915,16024,-10308,-1351,11652
-6813,-9193,16002,-10148,-1618,11760
-6506,-9468,15967,-9983,-1882,11858
-6196,-9737,15929,-9813,-2146,11956
-5885,-10004,15884,-9641,-2411,12047
-5570,-10262,15828,-9465,-2670,12129
-5253,-10521,15768,-9283,-2932,12209
-4936,-10773,15702,-9098,-3191,12286
-4613,-11019,15627,-8908,-3449,12351
-4290,-11262,15546,-8715,-3705,12416
-3965,-11500,15460,-8519,-3960,12474
-3638,-11731,15364,-8318,-4212,12524
-3309,-11959,15263,-8113,-4464,12573
-2979,-12183,15156,-7907,-4716,12615
-2648,-12396,15039,-7693,-4961,12649
-2316,-12610,14920,-7480,-5207,12681
-1983,-12815,14793,-7262,-5448,12707
-1646,-13014,14655,-7041,-5690,12725
-1312,-13208,14515,-6816,-5928,12738
-976,-13400,14370,-6589,-6162,12746
-639,-13579,14214,-6357,-6393,12748
-303,-13757,14056,-6126,-6624,12745
32,-13929,13891,-5891,-6852,12737
368,-14093,13717,-5651,-7075,12721
704,-14252,13540,-5413,-7296,12702
1040,-14404,13358,-5168,-7515,12678
1376,-14548,13165,-4923,-7727,12646
1711,-14687,12972,-4676,-7939,12609
2047,-14822,12771,-4426,-8146,12567
2377,-14948,12563,-4174,-8347,12518
2710,-15069,12353,-3923,-8550,12465
3041,-15182,12134,-3666,-8748,12407
3370,-15286,11909,-3409,-8938,12343
3699,-15389,11680,-3151,-9128,12273
4025,-15482,11448,-2891,-9314,12199
4356,-15568,11205,-2626,-9495,12115
4674,-15648,10967,-2370,-9669,12033
4995,-15722,10719,-2106,-9842,11941
5314,-15785,10464,-1842,-10009,11846
5631,-15844,10207,-1577,-10172,11744
5945,-15897,9947,-1313,-10332,11640
6253,-15941,9680,-1047,-10485,11526
6565,-15980,9408,-779,-10636,11410
6869,-16010,9136,-513,-10781,11289
7173,-16032,8854,-246,-10921,11161
7471,-16052,8572,23,-11057,11029
7767,-16061,8286,288,-11186,10893
8060,-16062,7996,556,-11313,10752
8349,-16058,7703,823,-11434,10606
8636,-16050,7405,1088,-11551,10455
8916,-16027,7105,1352,-11661,10301
9195,-16003,6803,1619,-11767,10140
9470,-15971,6498,1883,-11867,9978
9739,-15931,6186,2147,-11962,9807
10003,-15885,5875,2410,-12053,9635
10267,-15833,5560,2673,-12139,9459
10519,-15770,5243,2932,-12216,9276
10773,-15703,4923,3191,-12290,9092
11020,-15632,4604,3450,-12360,8903
11262,-15548,4281,3707,-12422,8710
11500,-15462,3956,3962,-12480,8512
11734,-15367,3628,4215,-12534,8312
11956,-15264,3301,4465,-12578,8108
12181,-15156,2969,4715,-12620,7901
12399,-15043,2637,4963,-12657,7690
12609,-14918,2305,5208,-12687,7474
12815,-14793,1971,5449,-12712,7255
13016,-14659,1637,5690,-12730,7036
13209,-14517,1302,5928,-12744,6810
13397,-14370,966,6163,-12752,6582
13580,-14217,629,6396,-12755,6352
13757,-14056,293,6623,-12750,6120
13927,-13892,-43,6852,-12743,5884
14095,-13717,-382,7080,-12728,5642
14251,-13537,-719,7300,-12707,5401
14401,-13357,-1050,7515,-12682,5162
14550,-13168,-1385,7727,-12652,4916
14686,-12971,-1721,7940,-12613,4668
14821,-12771,-2055,8146,-12573,4419
14947,-12563,-2388,8350,-12525,4168
15066,-12349,-2721,8549,-12471,3914
15179,-12132,-3051,8746,-12413,3661
15287,-11910,-3381,8939,-12349,3404
15385,-11681,-3711,9126,-12278,3145
15478,-11446,-4036,9313,-12203,2885
15565,-11207,-4363,9492,-12123,2624
15642,-10964,-4684,9667,-12037,2362
15717,-10717,-5006,9841,-11946,2100
15784,-10464,-5325,10009,-11851,1835
15839,-10205,-5641,10171,-11749,1571
15892,-9944,-5956,10330,-11642,1304
15938,-9678,-6267,10486,-11531,1039
15975,-9407,-6575,10633,-11413,771
16005,-9132,-6880,10779,-11292,507
16030,-8855,-7184,10921,-11166,238
16043,-8568,-7482,11055,-11033,-29
16058,-8283,-7778,11186,-10897,-295
16060,-7994,-8071,11312,-10756,-562
16053,-7700,-8359,11432,-10607,-829
16043,-7403,-8645,11547,-10459,-1095
16025,-7103,-8928,11660,-10305,-1360
15998,-6800,-9203,11763,-10143,-1626
15966,-6492,-9480,11867,-9980,-1891
15929,-6185,-9749,11960,-9811,-2154
15878,-5871,-10012,12050,-9638,-2418
15827,-5559,-10274,12134,-9461,-2679
15768,-5242,-10531,12215,-9281,-2939
15699,-4921,-10783,12291,-9094,-3199
15624,-4600,-11030,12357,-8906,-3457
15543,-4276,-11273,12421,-8713,-3714
15455,-3952,-11510,12477,-8513,-3968
15360,-3624,-11742,12531,-8315,-4221
15260,-3296,-11969,12577,-8111,-4472
15149,-2966,-12190,12616,-7902,-4721
15036,-2632,-12409,12653,-7690,-4969
14915,-2302,-12619,12684,-7476,-5215
14787,-1967,-12823,12706,-7257,-5456
14652,-1633,-13024,12726,-7036,-5697
14511,-1299,-13218,12742,-6813,-5935
14363,-962,-13406,12748,-6585,-6169
14207,-626,-13588,12751,-6354,-6403
14051,-289,-13766,12749,-6120,-6633
13883,48,-13934,12738,-5884,-6858
13712,383,-14101,12724,-5648,-7082
13535,717,-14260,12704,-5406,-7304
13349,1055,-14410,12677,-5161,-7521
13160,1391,-14556,12645,-4918,-7734
12965,1726,-14696,12611,-4670,-7945
12762,2059,-14827,12566,-4421,-8152
12557,2393,-14955,12519,-4167,-8357
12343,2725,-15073,12467,-3915,-8557
12124,3056,-15186,12406,-3661,-8753
11901,3386,-15292,12343,-3403,-8946
11672,3715,-15393,12274,-3146,-9133
11437,4041,-15485,12196,-2884,-9317
11201,4364,-15573,12117,-2625,-9498
10956,4688,-15651,12032,-2362,-9673
10709,5007,-15723,11939,-2099,-9846
10456,5328,-15789,11844,-1836,-10014
10198,5646,-15850,11743,-1570,-10177
9934,5956,-15899,11634,-1306,-10334
9669,6269,-15944,11524,-1038,-10489
9399,6578,-15982,11406,-773,-10641
9123,6883,-16012,11283,-506,-10783
8845,7186,-16036,11160,-238,-10925
8563,7485,-16053,11027,29,-11060
8276,7780,-16061,10890,296,-11190
7985,8072,-16064,10748,561,-11316
7692,8363,-16059,10603,829,-11437
7392,8648,-16048,10452,1094,-11553
7094,8930,-16029,10295,1360,-11665
6792,9208,-16005,10137,1626,-11769
6484,9482,-15971,9972,1890,-11869
6174,9752,-15932,9803,2155,-11966
5864,10016,-15886,9631,2417,-12055
5547,10277,-15829,9453,2681,-12138
5230,10533,-15771,9272,2939,-12218
4913,10786,-15704,9087,3199,-12290
4590,11031,-15629,8897,3457,-12360
4269,11274,-15546,8705,3712,-12424
3941,11511,-15458,8507,3968,-12482
3615,11744,-15363,8305,4219,-12532
3286,11970,-15262,8102,4471,-12580
2956,12193,-15155,7895,4721,-12620
2624,12408,-15037,7682,4967,-12655
2291,12619,-14917,7467,5213,-12687
1958,12826,-14789,7249,5456,-12712
1624,13024,-14652,7028,5696,-12729
1288,13220,-14514,6805,5933,-12741
953,13408,-14366,6577,6170,-12752
616,13589,-14211,6345,6400,-12751
281,13766,-14053,6114,6630,-12750
-56,13937,-13886,5878,6856,-12740
-391,14099,-13713,5638,7080,-12725
-726,14259,-13536,5398,7302,-12705
-1062,14409,-13352,5155,7520,-12679
-1400,14555,-13160,4908,7732,-12647
-1734,14696,-12966,4661,7943,-12611
-2069,14829,-12764,4412,8152,-12569
-2401,14953,-12556,4160,8352,-12519
-2735,15074,-12345,3908,8554,-12467
-3064,15186,-12126,3651,8750,-12409
-3394,15291,-11901,3395,8943,-12344
-3723,15393,-11675,3137,9130,-12274
-4048,15485,-11439,2876,9316,-12199
-4378,15572,-11197,2611,9497,-12117
-4695,15649,-10959,2353,9671,-12033
-5017,15722,-10709,2092,9845,-11941
-5333,15786,-10456,1827,10012,-11845
-5652,15845,-10198,1564,10175,-11743
-5965,15898,-9935,1297,10332,-11636
-6280,15941,-9665,1029,10488,-11522
-6585,15980,-9399,765,10637,-11408
-6892,16010,-9122,495,10783,-11285
-7193,16033,-8843,231,10922,-11159
-7492,16051,-8562,-36,11056,-11026
-7789,16061,-8276,-304,11187,-10890
-8079,16060,-7984,-569,11313,-10748
-8370,16057,-7691,-836,11434,-10603
-8656,16046,-7395,-1104,11549,-10453
-8937,16025,-7093,-1369,11660,-10296
-9213,16002,-6790,-1635,11766,-10136
-9490,15969,-6483,-1898,11867,-9972
-9757,15926,-6172,-2163,11960,-9804
-10022,15881,-5862,-2425,12050,-9630
-10285,15828,-5548,-2686,12137,-9453
-10540,15766,-5230,-2947,12214,-9272
-10792,15698,-4910,-3206,12291,-9086
-11038,15624,-4589,-3465,12356,-8898
-11279,15542,-4266,-3720,12419,-8703
-11520,15455,-3940,-3976,12477,-8507
-11750,15361,-3613,-4229,12529,-8305
-11974,15256,-3285,-4479,12574,-8101
-12199,15150,-2954,-4730,12615,-7891
-12414,15035,-2623,-4977,12652,-7680
-12624,14911,-2291,-5220,12680,-7466
-12831,14785,-1957,-5464,12706,-7247
-13031,14650,-1622,-5703,12725,-7027
-13224,14507,-1288,-5941,12736,-6801
-13412,14361,-952,-6176,12745,-6576
-13594,14207,-613,-6409,12747,-6344
-13770,14045,-278,-6637,12743,-6110
-13941,13881,58,-6865,12736,-5875
-14105,13707,393,-7088,12722,-5636
-14263,13528,729,-7309,12698,-5395
-14417,13345,1065,-7527,12674,-5152
-14561,13156,1401,-7741,12643,-4907
-14699,12958,1735,-7951,12604,-4659
-14831,12757,2072,-8157,12563,-4409
-14958,12551,2403,-8361,12514,-4158
-15077,12336,2735,-8561,12459,-3903
-15190,12120,3066,-8757,12402,-3650
-15296,11896,3395,-8950,12339,-3393
-15394,11666,3724,-9138,12266,-3133
-15490,11433,4051,-9323,12192,-2874
-15576,11195,4376,-9503,12112,-2615
-15651,10949,4697,-9678,12025,-2351
-15726,10703,5018,-9850,11936,-2088
-15790,10449,5338,-10017,11838,-1824
-15849,10190,5654,-10181,11735,-1560
-15899,9928,5969,-10340,11628,-1293
-15944,9661,6279,-10494,11518,-1027
-15981,9391,6586,-10642,11400,-762
-16013,9116,6894,-10789,11278,-495
-16035,8836,7195,-10928,11152,-227
-16049,8552,7493,-11063,11019,40
-16062,8266,7790,-11194,10883,305
-16063,7976,8082,-11319,10739,572
-16059,7682,8371,-11438,10593,839
-16047,7385,8657,-11557,10445,1105
-16028,7085,8937,-11666,10288,1371
-16001,6782,9216,-11770,10128,1637
-15968,6474,9490,-11871,9964,1901
-15930,6167,9759,-11965,9797,2166
-15879,5853,10023,-12056,9621,2428
-15829,5539,10284,-12140,9444,2689
-15767,5222,10542,-12219,9263,2950
-15699,4902,10792,-12290,9078,3209
-15624,4583,11039,-12362,8888,3467
-15542,4255,11283,-12424,8694,3726
-15455,3931,11517,-12480,8498,3978
-15359,3605,11750,-12534,8295,4230
-15258,3276,11977,-12578,8092,4481
-15148,2945,12196,-12619,7883,4730
-15035,2614,12416,-12655,7672,4978
-14912,2282,12624,-12686,7457,5223
-14783,1948,12830,-12710,7238,5466
-14647,1613,13030,-12728,7018,5705
-14508,1278,13224,-12743,6793,5943
-14359,941,13410,-12749,6564,6180
-14205,606,13594,-12752,6335,6412
-14046,270,13769,-12746,6102,6641
-13878,-67,13938,-12737,5865,6868
-13706,-402,14105,-12723,5627,7091
-13527,-737,14262,-12702,5387,7311
-13343,-1075,14412,-12676,5143,7528
-13152,-1411,14559,-12644,4897,7742
-12957,-1744,14697,-12608,4649,7953
-12754,-2078,14829,-12564,4398,8158
-12548,-2411,14956,-12517,4148,8364
-12334,-2746,15077,-12463,3895,8563
-12117,-3075,15188,-12403,3639,8758
-11895,-3405,15294,-12339,3383,8950
-11665,-3733,15394,-12270,3125,9140
-11429,-4060,15484,-12194,2863,9323
-11192,-4384,15572,-12113,2602,9504
-10949,-4706,15651,-12028,2341,9679
-10699,-5028,15721,-11934,2079,9851
-10446,-5348,15788,-11840,1815,10019
-10189,-5664,15845,-11738,1550,10182
-9923,-5977,15896,-11629,1283,10338
-9658,-6290,15942,-11518,1018,10496
-9389,-6595,15979,-11401,752,10643
-9112,-6901,16008,-11278,486,10789
-8834,-7203,16031,-11151,219,10928
-8552,-7502,16049,-11021,-49,11064
-8262,-7798,16055,-10882,-317,11193
-7973,-8091,16060,-10740,-582,11319
-7679,-8380,16053,-10594,-848,11440
-7381,-8665,16040,-10443,-1115,11554
-7083,-8947,16023,-10289,-1382,11665
-6778,-9222,15996,-10128,-1646,11771
-6472,-9498,15964,-9963,-1912,11868
-6161,-9766,15925,-9794,-2175,11965
-5849,-10032,15876,-9621,-2438,12054
-5533,-10292,15822,-9445,-2699,12140
-5217,-10549,15761,-9263,-2959,12220
-4899,-10801,15693,-9077,-3219,12293
-4578,-11047,15618,-8888,-3477,12360
-4253,-11288,15537,-8694,-3734,12422
-3929,-11524,15448,-8497,-3988,12480
-3601,-11758,15352,-8296,-4241,12531
-3272,-11986,15252,-8092,-4492,12580
-2942,-12205,15143,-7882,-4741,12620
-2612,-12421,15027,-7671,-4987,12652
-2280,-12632,14906,-7457,-5234,12684
-1945,-12839,14777,-7238,-5476,12708
-1610,-13036,14640,-7014,-5716,12725
-1270,-13233,14498,-6788,-5956,12740
-939,-13419,14353,-6565,-6188,12747
-603,-13599,14197,-6332,-6419,12747
-266,-13776,14038,-6100,-6650,12746
70,-13947,13871,-5864,-6876,12735
405,-14111,13699,-5626,-7100,12719
741,-14268,13522,-5385,-7320,12699
1078,-14420,13335,-5142,-7538,12673
1413,-14563,13145,-4895,-7751,12641
1747,-14705,12950,-4649,-7962,12606
2082,-14836,12748,-4398,-8169,12562
2416,-14960,12539,-4146,-8372,12513
2747,-15081,12326,-3893,-8572,12460
3077,-15193,12109,-3637,-8767,12401
3409,-15299,11882,-3379,-8960,12335
3735,-15399,11656,-3123,-9149,12268
4064,-15492,11422,-2863,-9333,12189
4386,-15576,11182,-2602,-9512,12110
4711,-15656,10941,-2340,-9688,12023
5029,-15727,10690,-2076,-9860,11931
5348,-15791,10436,-1813,-10028,11835
5666,-15850,10179,-1548,-10192,11735
5977,-15903,9917,-1282,-10349,11625
6288,-15946,9650,-1018,-10502,11514
6597,-15984,9379,-750,-10653,11396
6903,-16013,9103,-483,-10797,11274
7204,-16035,8823,-214,-10936,11147
7504,-16053,8542,51,-11072,11015
7801,-16061,8253,318,-11200,10877
8091,-16062,7963,587,-11325,10736
8382,-16058,7670,852,-11448,10590
8667,-16046,7372,1117,-11562,10439
8948,-16026,7072,1384,-11673,10282
9225,-16000,6769,1650,-11779,10123
9499,-15967,6461,1914,-11879,9959
9768,-15927,6151,2177,-11971,9789
10034,-15880,5840,2440,-12062,9616
10293,-15827,5525,2700,-12146,9438
10549,-15764,5207,2962,-12224,9257
10801,-15696,4889,3221,-12299,9071
11048,-15620,4566,3479,-12367,8881
11290,-15538,4243,3733,-12429,8688
11527,-15452,3917,3990,-12487,8492
11757,-15354,3590,4242,-12538,8290
11985,-15252,3262,4494,-12584,8085
12205,-15146,2933,4741,-12626,7878
12422,-15029,2601,4991,-12661,7665
12631,-14906,2268,5235,-12689,7448
12837,-14778,1934,5477,-12715,7230
13037,-14642,1599,5716,-12733,7010
13229,-14500,1265,5953,-12745,6785
13419,-14354,928,6190,-12752,6558
13600,-14198,591,6420,-12754,6326
13775,-14040,254,6650,-12750,6094
13946,-13873,-80,6877,-12741,5859
14111,-13699,-415,7100,-12725,5618
14267,-13519,-752,7320,-12704,5378
14419,-13336,-1088,7538,-12679,5135
14562,-13144,-1424,7750,-12647,4888
14702,-12948,-1759,7963,-12609,4641
14835,-12747,-2093,8171,-12567,4391
14960,-12540,-2425,8372,-12519,4141
15077,-12325,-2758,8572,-12465,3885
15191,-12109,-3088,8767,-12406,3632
15296,-11885,-3418,8960,-12341,3374
15395,-11653,-3746,9147,-12270,3114
15489,-11423,-4072,9331,-12196,2855
15573,-11182,-4399,9513,-12113,2595
15650,-10937,-4720,9685,-12027,2332
15725,-10689,-5041,9859,-11937,2069
15788,-10434,-5361,10026,-11838,1806
15846,-10176,-5675,10189,-11736,1542
15897,-9915,-5989,10348,-11630,1275
15941,-9647,-6299,10501,-11518,1011
15977,-9376,-6608,10650,-11400,741
16009,-9102,-6916,10795,-11279,478
16031,-8822,-7214,10935,-11151,209
16047,-8537,-7516,11068,-11018,-58
16057,-8251,-7812,11201,-10881,-325
16058,-7961,-8103,11325,-10739,-591
16052,-7666,-8392,11445,-10593,-856
16042,-7371,-8679,11562,-10442,-1125
16021,-7068,-8960,11671,-10285,-1392
15993,-6764,-9234,11777,-10126,-1656
15963,-6459,-9510,11877,-9960,-1920
15922,-6148,-9779,11970,-9791,-2185
15874,-5836,-10044,12059,-9617,-2446
15821,-5523,-10304,12145,-9441,-2708
15759,-5205,-10559,12222,-9259,-2968
15690,-4885,-10812,12298,-9073,-3229
15616,-4565,-11059,12366,-8885,-3485
15533,-4240,-11299,12427,-8690,-3742
15444,-3915,-11535,12484,-8492,-3996
15350,-3588,-11769,12536,-8292,-4251
15245,-3259,-11994,12581,-8086,-4499
15137,-2929,-12213,12620,-7879,-4750
15024,-2596,-12432,12657,-7667,-4997
14900,-2265,-12641,12687,-7451,-5241
14773,-1932,-12845,12709,-7232,-5483
14635,-1596,-13047,12730,-7011,-5724
14495,-1260,-13239,12742,-6787,-5961
14346,-924,-13428,12749,-6560,-6196
14194,-588,-13608,12752,-6330,-6428
14031,-251,-13785,12746,-6094,-6658
13866,84,-13953,12736,-5858,-6884
13692,419,-14118,12723,-5621,-7108
13513,756,-14276,12701,-5378,-7327
13328,1091,-14426,12673,-5135,-7544
13139,1428,-14572,12642,-4890,-7760
12941,1762,-14710,12605,-4643,-7967
12739,2097,-14841,12562,-4390,-8174
12533,2429,-14969,12513,-4141,-8379
12318,2762,-15085,12460,-3886,-8578
12100,3093,-15199,12400,-3633,-8774
11875,3422,-15305,12335,-3375,-8965
11646,3750,-15404,12264,-3116,-9154
11412,4078,-15496,12188,-2855,-9337
11175,4401,-15582,12110,-2596,-9518
10929,4724,-15660,12022,-2333,-9694
10679,5045,-15731,11929,-2069,-9865
10428,5362,-15796,11833,-1805,-10032
10169,5679,-15854,11731,-1541,-10194
9904,5992,-15905,11621,-1275,-10352
9640,6303,-15950,11512,-1008,-10508
9366,6610,-15984,11393,-743,-10656
9091,6916,-16015,11270,-476,-10801
8813,7218,-16039,11145,-209,-10939
8529,7517,-16053,11012,58,-11074
8243,7812,-16063,10875,325,-11205
7952,8106,-16065,10733,592,-11331
7658,8394,-16058,10586,858,-11450
7360,8679,-16047,10434,1124,-11565
7061,8961,-16028,10280,1390,-11676
6756,9237,-16000,10118,1655,-11780
6448,9511,-15967,9955,1920,-11880
6142,9781,-15928,9785,2183,-11976
5827,10046,-15878,9612,2447,-12063
5512,10305,-15824,9433,2710,-12149
5196,10563,-15764,9252,2968,-12228
4877,10812,-15694,9067,3227,-12299
4555,11060,-15619,8875,3485,-12367
4230,11302,-15537,8682,3741,-12431
3905,11537,-15449,8485,3996,-12487
3579,11770,-15352,8284,4248,-12538
3250,11997,-15252,8079,4499,-12585
2921,12217,-15142,7870,4748,-12626
2587,12431,-15025,7658,4995,-12659
2255,12644,-14903,7444,5240,-12691
1922,12845,-14774,7226,5481,-12713
1586,13046,-14639,7003,5721,-12731
1250,13241,-14499,6779,5960,-12745
916,13426,-14348,6551,6194,-12751
579,13610,-14193,6320,6426,-12752
245,13785,-14035,6087,6655,-12751
-94,13956,-13868,5852,6882,-12739
-427,14117,-13693,5611,7105,-12723
-768,14279,-13513,5367,7331,-12703
-1101,14428,-13328,5127,7543,-12674
-1437,14570,-13139,4881,7757,-12645
-1773,14710,-12943,4633,7967,-12607
-2105,14840,-12741,4383,8176,-12563
-2438,14967,-12532,4133,8377,-12515
-2771,15086,-12321,3879,8575,-12461
-3102,15197,-12101,3623,8771,-12402
-3431,15302,-11877,3365,8963,-12337
-3759,15404,-11648,3106,9152,-12267
-4084,15494,-11413,2848,9336,-12190
-4409,15579,-11174,2586,9515,-12109
-4733,15659,-10932,2324,9692,-12023
-5053,15729,-10681,2062,9862,-11929
-5371,15793,-10427,1797,10030,-11833
-5686,15853,-10170,1532,10194,-11733
-6000,15903,-9905,1268,10350,-11623
-6310,15946,-9640,1001,10503,-11512
-6619,15984,-9368,735,10655,-11395
-6925,16012,-9091,467,10798,-11271
-7226,16035,-8814,201,10938,-11144
-7526,16053,-8528,-67,11073,-11013
-7824,16060,-8240,-336,11203,-10872
-8113,16062,-7952,-599,11327,-10733
-8402,16057,-7659,-867,11448,-10586
-8686,16043,-7361,-1131,11562,-10435
-8967,16022,-7061,-1399,11673,-10277
-9245,15998,-6755,-1666,11779,-10119
-9518,15964,-6449,-1926,11876,-9954
-9788,15923,-6138,-2191,11971,-9784
-10053,15877,-5827,-2455,12060,-9611
-10313,15821,-5511,-2716,12144,-9432
-10568,15760,-5195,-2975,12223,-9252
-10819,15693,-4875,-3236,12297,-9065
-11066,15614,-4553,-3493,12364,-8876
-11306,15532,-4230,-3748,12425,-8681
-11545,15444,-3904,-4004,12483,-8485
-11774,15349,-3577,-4256,12534,-8282
-12002,15246,-3247,-4509,12579,-8077
-12224,15138,-2917,-4756,12622,-7870
-12439,15020,-2587,-5004,12655,-7657
-12649,14897,-2253,-5249,12684,-7441
-12854,14771,-1920,-5490,12709,-7223
-13052,14634,-1584,-5729,12726,-7000
-13246,14492,-1250,-5967,12739,-6776
-13435,14346,-913,-6203,12747,-6550
-13615,14188,-576,-6433,12747,-6318
-13790,14029,-241,-6662,12743,-6085
-13961,13863,95,-6889,12734,-5850
-14122,13687,432,-7113,12719,-5607
-14279,13509,766,-7333,12697,-5368
-14432,13325,1103,-7551,12671,-5126
-14576,13132,1439,-7763,12638,-4879
-14714,12937,1772,-7974,12600,-4631
-14848,12736,2107,-8181,12558,-4383
-14970,12526,2440,-8383,12509,-4128
-15090,12313,2771,-8581,12454,-3876
-15204,12097,3104,-8779,12395,-3622
-15306,11872,3433,-8970,12328,-3362
-15405,11642,3760,-9158,12258,-3106
-15499,11408,4088,-9343,12183,-2845
-15583,11168,4410,-9522,12103,-2584
-15660,10922,4733,-9697,12015,-2324
-15734,10674,5054,-9870,11925,-2057
-15796,10419,5373,-10035,11825,-1794
-15854,10161,5688,-10198,11723,-1530
-15907,9899,6004,-10358,11617,-1265
-15948,9629,6313,-10509,11503,-998
-15984,9359,6620,-10658,11388,-732
-16016,9086,6925,-10804,11266,-467
-16037,8803,7227,-10943,11136,-198
-16053,8521,7527,-11077,11004,71
-16062,8234,7823,-11210,10866,337
-16064,7944,8114,-11332,10723,602
-16056,7650,8403,-11453,10577,868
-16047,7353,8688,-11567,10427,1133
-16025,7051,8968,-11678,10268,1401
-15997,6747,9246,-11781,10110,1667
-15967,6442,9520,-11882,9946,1931
-15924,6131,9787,-11976,9776,2196
-15877,5818,10053,-12065,9602,2458
-15822,5504,10313,-12151,9425,2719
-15760,5186,10568,-12226,9241,2979
-15689,4865,10820,-12299,9056,3239
-15616,4545,11066,-12370,8868,3496
-15533,4220,11307,-12430,8671,3752
-15444,3895,11545,-12486,8474,4008
-15349,3569,11777,-12539,8274,4260
-15243,3239,12002,-12583,8069,4509
-15137,2910,12223,-12624,7861,4759
-15023,2577,12440,-12660,7648,5006
-14897,2244,12648,-12689,7432,5250
-14768,1910,12853,-12712,7214,5493
-14634,1577,13053,-12731,6993,5732
-14489,1241,13243,-12743,6767,5969
-14341,905,13431,-12749,6540,6204
-14189,569,13615,-12751,6309,6438
-14026,231,13787,-12745,6075,6667
-13860,-105,13956,-12737,5838,6892
-13688,-440,14122,-12722,5600,7115
-13507,-776,14278,-12698,5358,7336
-13322,-1112,14428,-12674,5116,7553
-13133,-1448,14575,-12642,4871,7766
-12934,-1783,14711,-12603,4621,7976
-12733,-2116,14843,-12560,4371,8183
-12526,-2448,14971,-12511,4121,8387
-12309,-2781,15087,-12456,3865,8584
-12088,-3117,15200,-12396,3608,8784
-11868,-3440,15306,-12333,3355,8973
-11638,-3770,15403,-12261,3096,9159
-11403,-4095,15495,-12185,2835,9343
-11167,-4420,15583,-12105,2575,9523
-10920,-4743,15658,-12016,2311,9698
-10671,-5063,15728,-11925,2050,9870
-10418,-5381,15796,-11830,1786,10038
-10158,-5698,15850,-11724,1519,10198
-9896,-6011,15900,-11618,1254,10357
-9630,-6322,15947,-11505,988,10512
-9357,-6628,15981,-11387,723,10659
-9081,-6936,16011,-11264,454,10804
-8803,-7237,16035,-11138,189,10944
-8519,-7534,16048,-11005,-79,11077
-8231,-7830,16056,-10867,-346,11207
-7941,-8124,16060,-10726,-612,11334
-7645,-8410,16053,-10577,-879,11452
-7348,-8697,16040,-10426,-1146,11566
-7049,-8978,16021,-10272,-1411,11678
-6743,-9255,15992,-10108,-1676,11782
-6438,-9528,15960,-9946,-1940,11881
-6126,-9798,15920,-9777,-2204,11976
-5815,-10060,15870,-9601,-2466,12063
-5501,-10322,15816,-9425,-2730,12149
-5183,-10580,15755,-9243,-2990,12228
-4863,-10828,15684,-9055,-3247,12299
-4540,-11074,15611,-8866,-3507,12368
-4219,-11316,15529,-8672,-3762,12430
-3891,-11551,15437,-8475,-4015,12486
-3564,-11783,15341,-8273,-4269,12535
-3234,-12010,15239,-8069,-4521,12584
-2906,-12230,15130,-7858,-4768,12621
-2574,-12444,15014,-7647,-5014,12656
-2241,-12657,14892,-7434,-5261,12688
-1906,-12860,14761,-7211,-5502,12709
-1572,-13058,14625,-6989,-5741,12728
-1238,-13253,14486,-6767,-5980,12742
-901,-13438,14336,-6539,-6215,12746
-565,-13621,14179,-6307,-6446,12747
-230,-13798,14021,-6074,-6676,12745
105,-13964,13852,-5838,-6902,12733
447,-14132,13676,-5594,-7129,12718
780,-14287,13501,-5358,-7345,12697
1115,-14435,13314,-5113,-7563,12670
1451,-14580,13123,-4868,-7775,12637
1784,-14720,12928,-4619,-7985,12602
2119,-14850,12723,-4370,-8191,12556
2452,-14975,12517,-4116,-8394,12507
2785,-15095,12305,-3866,-8595,12453
3114,-15205,12082,-3608,-8788,12393
3444,-15310,11860,-3351,-8981,12329
3773,-15411,11631,-3094,-9170,12260
4100,-15499,11395,-2833,-9353,12182
4423,-15587,11155,-2572,-9533,12100
4745,-15665,10913,-2310,-9709,12014
5066,-15733,10662,-2046,-9879,11920
5382,-15799,10408,-1782,-10046,11824
5700,-15858,10150,-1518,-10207,11722
6013,-15907,9886,-1253,-10366,11612
6323,-15952,9620,-987,-10520,11501
6634,-15990,9349,-721,-10668,11385
6935,-16014,9072,-452,-10811,11259
7239,-16039,8791,-186,-10952,11132
7538,-16056,8509,82,-11087,11001
7832,-16061,8222,349,-11217,10861
8125,-16062,7931,614,-11341,10720
8413,-16057,7638,882,-11462,10573
8697,-16044,7339,1145,-11574,10420
8979,-16023,7038,1414,-11685,10265
9258,-15999,6734,1678,-11790,10106
9529,-15962,6425,1943,-11889,9939
9797,-15922,6117,2206,-11983,9769
10063,-15874,5805,2468,-12072,9597
10321,-15818,5488,2731,-12153,9419
10578,-15756,5173,2990,-12233,9236
10829,-15690,4852,3250,-12307,9051
11074,-15612,4531,3507,-12373,8859
11316,-15530,4207,3763,-12437,8665
11552,-15442,3881,4018,-12493,8470
11784,-15343,3553,4270,-12542,8266
12011,-15241,3225,4521,-12589,8061
12232,-15133,2894,4771,-12630,7854
12445,-15013,2564,5017,-12663,7640
12656,-14892,2231,5262,-12693,7425
12861,-14764,1898,5503,-12717,7207
13057,-14626,1562,5743,-12734,6984
13252,-14485,1226,5979,-12746,6760
13439,-14337,891,6215,-12755,6534
13618,-14180,554,6445,-12755,6300
13794,-14021,218,6675,-12750,6068
13965,-13854,-118,6903,-12741,5831
14128,-13678,-454,7124,-12724,5591
14285,-13500,-791,7346,-12703,5351
14439,-13312,-1130,7566,-12677,5104
14578,-13122,-1462,7775,-12643,4861
14718,-12928,-1796,7985,-12604,4613
14850,-12726,-2130,8195,-12563,4365
14973,-12514,-2464,8394,-12513,4112
15092,-12299,-2793,8594,-12459,3857
15205,-12084,-3126,8791,-12398,3602
15307,-11860,-3455,8980,-12333,3346
15406,-11628,-3784,9168,-12262,3087
15500,-11394,-4109,9353,-12187,2827
15582,-11155,-4434,9531,-12105,2566
15660,-10908,-4756,9708,-12018,2304
15733,-10662,-5077,9879,-11926,2042
15794,-10406,-5395,10045,-11828,1776
15852,-10147,-5711,10208,-11725,1512
15904,-9884,-6024,10365,-11619,1246
15945,-9616,-6334,10518,-11504,978
15983,-9347,-6642,10667,-11386,713
16012,-9071,-6947,10813,-11264,447
16034,-8791,-7249,10949,-11135,179
16049,-8506,-7549,11084,-11003,-90
16059,-8217,-7842,11215,-10867,-355
16058,-7927,-8134,11339,-10722,-621
16051,-7634,-8423,11458,-10576,-888
16040,-7337,-8710,11574,-10425,-1155
16018,-7034,-8989,11682,-10267,-1421
15992,-6731,-9266,11786,-10109,-1684
15957,-6424,-9539,11888,-9944,-1951
15916,-6115,-9807,11980,-9773,-2213
15867,-5803,-10072,12069,-9600,-2476
15815,-5488,-10333,12152,-9422,-2739
15751,-5168,-10587,12230,-9237,-2998
15682,-4850,-10840,12304,-9052,-3258
15609,-4529,-11085,12373,-8864,-3514
15523,-4203,-11324,12432,-8667,-3771
15434,-3879,-11562,12489,-8470,-4025
15338,-3551,-11794,12543,-8270,-4279
15234,-3222,-12020,12585,-8064,-4528
15125,-2892,-12237,12626,-7856,-4777
15010,-2559,-12456,12662,-7643,-5023
14884,-2228,-12664,12690,-7425,-5269
14756,-1888,-12874,12714,-7204,-5514
14622,-1558,-13069,12730,-6987,-5750
14477,-1223,-13259,12744,-6760,-5988
14331,-888,-13449,12748,-6535,-6222
14174,-551,-13630,12753,-6302,-6455
14013,-214,-13803,12745,-6069,-6682
13846,120,-13973,12736,-5833,-6909
13673,457,-14137,12721,-5594,-7133
13492,793,-14293,12697,-5351,-7352
13308,1129,-14444,12671,-5109,-7568
13117,1465,-14587,12638,-4864,-7783
12918,1799,-14724,12600,-4613,-7992
12717,2132,-14857,12557,-4364,-8197
12510,2467,-14981,12509,-4110,-8401
12295,2799,-15099,12453,-3858,-8601
12075,3129,-15211,12393,-3603,-8795
11851,3458,-15317,12328,-3346,-8988
11618,3786,-15413,12257,-3087,-9174
11386,4115,-15506,12180,-2827,-9358
11147,4437,-15591,12099,-2567,-9538
10901,4758,-15667,12011,-2303,-9711
10653,5079,-15738,11919,-2041,-9884
10400,5397,-15804,11823,-1776,-10052
10140,5713,-15859,11719,-1511,-10212
9876,6028,-15909,11611,-1244,-10371
9611,6339,-15954,11500,-979,-10525
9336,6648,-15989,11380,-711,-10672
9062,6951,-16019,11257,-446,-10818
8782,7253,-16042,11130,-181,-10956
8498,7549,-16054,10996,87,-11090
8211,7845,-16062,10859,354,-11220
7920,8139,-16065,10717,621,-11345
7626,8426,-16056,10570,886,-11463
7326,8711,-16046,10418,1154,-11578
7027,8993,-16025,10263,1420,-11689
6722,9267,-15997,10099,1684,-11790
6416,9542,-15963,9936,1950,-11891
6105,9812,-15924,9766,2213,-11987
5793,10073,-15873,9591,2475,-12074
5478,10334,-15818,9414,2739,-12157
5160,10591,-15757,9233,2997,-12237
4840,10839,-15685,9045,3255,-12307
4518,11088,-15611,8854,3515,-12376
4195,11327,-15529,8661,3769,-12437
3868,11562,-15437,8462,4024,-12492
3542,11796,-15342,8261,4276,-12545
3213,12021,-15240,8056,4527,-12590
2882,12241,-15128,7845,4775,-12630
2550,12456,-15013,7635,5022,-12664
2218,12666,-14890,7420,5268,-12694
1885,12868,-14759,7200,5509,-12715
1550,13069,-14623,6978,5750,-12734
1212,13264,-14481,6754,5987,-12746
879,13448,-14330,6525,6219,-12750
543,13628,-14176,6294,6452,-12752
205,13805,-14018,6062,6681,-12749
-128,13972,-13848,5824,6907,-12738
-466,14137,-13675,5586,7132,-12722
-802,14293,-13496,5344,7350,-12700
-1138,14443,-13307,5101,7567,-12672
-1474,14587,-13119,4853,7780,-12640
-1808,14724,-12922,4606,7992,-12603
-2143,14854,-12718,4357,8198,-12558
-2480,14982,-12505,4101,8402,-12509
-2808,15100,-12294,3851,8599,-12454
-3137,15210,-12075,3594,8792,-12393
-3468,15315,-11851,3338,8986,-12329
-3795,15415,-11623,3080,9174,-12259
-4120,15504,-11387,2817,9356,-12181
-4445,15590,-11147,2558,9536,-12101
-4768,15667,-10902,2296,9711,-12013
-5087,15737,-10652,2033,9880,-11919
-5407,15801,-10398,1767,10050,-11824
-5723,15859,-10140,1504,10211,-11721
-6035,15906,-9875,1237,10368,-11610
-6346,15951,-9610,972,10522,-11500
-6652,15988,-9339,705,10670,-11382
-6957,16015,-9060,438,10814,-11256
-7261,16040,-8781,173,10953,-11128
-7558,16054,-8498,-96,11087,-10997
-7854,16061,-8208,-363,11217,-10858
-8144,16061,-7919,-629,11341,-10717
-8433,16055,-7625,-895,11461,-10569
-8719,16040,-7326,-1163,11574,-10417
-8999,16022,-7026,-1429,11685,-10260
-9276,15995,-6722,-1694,11788,-10102
-9548,15958,-6413,-1957,11887,-9935
-9819,15919,-6104,-2221,11980,-9765
-10081,15869,-5793,-2483,12070,-9592
-10340,15814,-5478,-2744,12152,-9413
-10597,15753,-5159,-3005,12231,-9231
-10847,15685,-4840,-3265,12305,-9045
-11096,15605,-4512,-3526,12371,-8853
-11335,15523,-4195,-3778,12433,-8660
-11572,15435,-3867,-4033,12489,-8461
-11799,15337,-3540,-4283,12539,-8260
-12028,15234,-3211,-4536,12584,-8055
-12247,15126,-2881,-4783,12625,-7846
-12462,15006,-2548,-5031,12658,-7633
-12672,14884,-2217,-5275,12688,-7418
-12877,14756,-1884,-5516,12711,-7199
-13073,14617,-1548,-5756,12728,-6977
-13267,14476,-1213,-5994,12740,-6751
-13454,14327,-876,-6229,12747,-6524
-13633,14170,-540,-6459,12747,-6293
-13810,14011,-202,-6689,12742,-6059
-13978,13845,132,-6915,12734,-5823
-14140,13667,468,-7137,12716,-5583
-14298,13488,804,-7358,12694,-5341
-14449,13302,1140,-7574,12666,-5099
-14591,13110,1475,-7786,12635,-4851
-14730,12915,1809,-7997,12596,-4604
-14860,12712,2145,-8204,12553,-4354
-14984,12501,2478,-8406,12502,-4099
-15104,12290,2810,-8605,12449,-3849
-15214,12069,3139,-8802,12388,-3591
-15317,11845,3469,-8991,12321,-3334
-15415,11616,3798,-9179,12251,-3077
-15508,11380,4123,-9361,12175,-2816
-15591,11140,4446,-9542,12092,-2554
-15668,10895,4769,-9717,12006,-2293
-15741,10646,5090,-9888,11914,-2029
-15801,10391,5408,-10054,11814,-1765
-15862,10131,5724,-10217,11713,-1501
-15911,9868,6038,-10375,11605,-1235
-15953,9601,6348,-10525,11490,-969
-15989,9331,6655,-10676,11373,-702
-16018,9053,6960,-10821,11250,-435
-16040,8774,7261,-10957,11121,-167
-16055,8490,7560,-11093,10990,98
-16063,8205,7855,-11222,10851,365
-16062,7910,8146,-11346,10708,632
-16058,7617,8436,-11466,10562,897
-16044,7318,8721,-11581,10408,1166
-16022,7017,8999,-11690,10253,1430
-15995,6713,9277,-11794,10091,1696
-15961,6406,9549,-11893,9928,1961
-15918,6096,9816,-11985,9756,2225
-15870,5784,10082,-12075,9583,2486
-15818,5469,10342,-12159,9405,2747
-15751,5151,10595,-12235,9221,3008
-15685,4832,10848,-12308,9036,3268
-15607,4509,11094,-12377,8846,3522
-15523,4185,11334,-12436,8651,3780
-15432,3854,11573,-12494,8450,4038
-15336,3529,11802,-12545,8249,4290
-15233,3201,12027,-12588,8045,4538
-15122,2866,12251,-12630,7832,4791
-15009,2541,12463,-12661,7624,5034
-14882,2208,12670,-12691,7408,5277
-14755,1874,12875,-12715,7191,5521
-14618,1538,13074,-12732,6968,5759
-14474,1203,13266,-12744,6741,5995
-14326,867,13453,-12751,6513,6230
-14170,531,13634,-12752,6283,6463
-14008,194,13807,-12746,6049,6691
-13841,-142,13977,-12736,5812,6919
-13667,-477,14141,-12719,5575,7141
-13487,-814,14295,-12697,5331,7360
-13302,-1150,14447,-12670,5089,7577
-13111,-1485,14590,-12638,4842,7789
-12912,-1819,14727,-12598,4592,7999
-12711,-2153,14858,-12555,4344,8206
-12502,-2487,14983,-12506,4093,8408
-12284,-2818,15100,-12448,3838,8606
-12067,-3149,15212,-12391,3583,8802
-11843,-3478,15316,-12324,3326,8993
-11612,-3807,15413,-12254,3067,9180
-11378,-4132,15506,-12176,2806,9364
-11139,-4456,15589,-12096,2545,9543
-10891,-4778,15664,-12007,2284,9718
-10643,-5098,15737,-11914,2020,9890
-10389,-5416,15800,-11817,1755,10055
-10129,-5733,15856,-11712,1489,10216
-9866,-6046,15908,-11604,1224,10376
-9599,-6356,15951,-11492,959,10528
-9326,-6664,15984,-11373,691,10676
-9051,-6970,16015,-11252,425,10820
-8772,-7271,16036,-11123,159,10958
-8486,-7568,16050,-10989,-108,11092
-8198,-7864,16057,-10851,-376,11222
-7906,-8156,16059,-10709,-643,11347
-7613,-8444,16051,-10561,-908,11465
-7316,-8728,16039,-10410,-1175,11580
-7013,-9010,16018,-10254,-1439,11690
-6710,-9285,15990,-10090,-1706,11794
-6403,-9557,15957,-9927,-1969,11891
-6092,-9827,15914,-9757,-2234,11987
-5780,-10092,15864,-9582,-2495,12073
-5465,-10350,15810,-9405,-2758,12157
-5148,-10605,15748,-9221,-3017,12235
-4827,-10855,15678,-9036,-3277,12306
-4506,-11102,15601,-8845,-3535,12375
-4181,-11342,15517,-8649,-3792,12436
-3853,-11577,15425,-8451,-4046,12492
-3527,-11810,15331,-8251,-4297,12543
-3199,-12034,15229,-8044,-4548,12587
-2868,-12254,15117,-7834,-4798,12627
-2537,-12470,14999,-7623,-5042,12661
-2206,-12680,14878,-7408,-5288,12690
-1869,-12881,14746,-7188,-5532,12712
-1535,-13081,14610,-6966,-5769,12730
-1199,-13273,14467,-6741,-6006,12742
-864,-13458,14318,-6513,-6239,12747
-528,-13642,14164,-6281,-6472,12748
-191,-13815,14002,-6048,-6701,12743
143,-13983,13833,-5812,-6928,12732
485,-14151,13657,-5568,-7152,12716
817,-14304,13480,-5331,-7371,12694
1153,-14453,13292,-5087,-7585,12666
1487,-14597,13102,-4839,-7799,12635
1823,-14733,12904,-4591,-8009,12595
2156,-14864,12700,-4342,-8214,12551
2490,-14991,12493,-4088,-8416,12502
2821,-15108,12278,-3835,-8616,12448
3152,-15217,12057,-3580,-8811,12386
3482,-15322,11834,-3323,-9002,12321
3809,-15420,11604,-3064,-9189,12250
4136,-15511,11369,-2805,-9373,12173
4458,-15595,11129,-2543,-9553,12092
4783,-15674,10884,-2281,-9729,12003
5101,-15742,10633,-2017,-9897,11908
5419,-15806,10379,-1754,-10066,11814
5736,-15862,10119,-1488,-10225,11710
6048,-15911,9856,-1222,-10384,11600
6359,-15957,9590,-958,-10537,11488
6666,-15989,9318,-690,-10685,11369
6972,-16018,9040,-423,-10828,11245
7272,-16041,8762,-155,-10968,11118
7571,-16055,8477,111,-11100,10986
7865,-16061,8191,378,-11230,10847
8158,-16064,7897,645,-11355,10704
8446,-16056,7605,910,-11474,10557
8729,-16041,7304,1175,-11587,10404
9010,-16022,7004,1442,-11697,10249
9286,-15993,6700,1708,-11801,10087
9559,-15959,6394,1972,-11899,9920
9828,-15916,6082,2235,-11993,9751
10091,-15868,5769,2496,-12082,9578
10351,-15812,5454,2759,-12163,9399
10605,-15751,5137,3020,-12242,9216
10856,-15681,4817,3279,-12314,9029
11101,-15603,4495,3536,-12380,8838
11343,-15522,4172,3791,-12443,8645
11580,-15430,3845,4046,-12500,8447
11807,-15332,3517,4298,-12549,8244
12035,-15229,3188,4549,-12595,8038
12254,-15120,2858,4797,-12634,7830
12467,-15002,2527,5045,-12667,7617
12681,-14878,2188,5292,-12697,7398
12883,-14750,1860,5531,-12719,7183
13080,-14611,1524,5770,-12735,6958
13272,-14470,1190,6006,-12749,6734
13458,-14319,854,6241,-12754,6505
13639,-14164,518,6472,-12754,6275
13815,-14002,180,6701,-12749,6041
13983,-13835,-156,6927,-12738,5804
14146,-13659,-491,7151,-12721,5566
14304,-13481,-828,7370,-12701,5325
14451,-13292,-1163,7587,-12672,5079
14594,-13100,-1498,7799,-12639,4834
14733,-12906,-1832,8010,-12601,4586
14862,-12700,-2167,8217,-12556,4336
14986,-12491,-2500,8416,-12507,4085
15105,-12276,-2832,8617,-12453,3829
15214,-12058,-3162,8811,-12392,3574
15320,-11833,-3492,9001,-12324,3317
15417,-11604,-3821,9190,-12254,3058
15509,-11368,-4145,9371,-12178,2798
15591,-11127,-4469,9551,-12093,2537
15670,-10879,-4797,9728,-12007,2271
15740,-10631,-5114,9898,-11915,2009
15802,-10377,-5431,10062,-11815,1747
15860,-10120,-5745,10226,-11714,1482
15908,-9855,-6059,10382,-11605,1216
15950,-9586,-6369,10533,-11491,949
15986,-9315,-6676,10684,-11374,685
16015,-9040,-6981,10826,-11250,416
16035,-8759,-7282,10965,-11120,149
16051,-8477,-7582,11099,-10989,-118
16056,-8185,-7876,11229,-10848,-384
16057,-7895,-8168,11353,-10706,-651
16053,-7602,-8456,11473,-10560,-917
16036,-7305,-8740,11586,-10408,-1185
16016,-7001,-9021,11694,-10249,-1450
15988,-6698,-9297,11800,-10091,-1715
15954,-6391,-9571,11897,-9922,-1979
15910,-6080,-9837,11991,-9751,-2243
15865,-5766,-10103,12077,-9580,-2505
15807,-5453,-10360,12162,-9402,-2766
15744,-5133,-10616,12238,-9218,-3026
15674,-4815,-10868,12311,-9031,-3286
15598,-4493,-11111,12378,-8841,-3543
15514,-4167,-11353,12440,-8646,-3797
15423,-3842,-11589,12497,-8448,-4054
15328,-3514,-11820,12546,-8245,-4305
15221,-3186,-12044,12591,-8041,-4556
15113,-2856,-12263,12629,-7832,-4804
14995,-2522,-12478,12663,-7618,-5052
14870,-2190,-12686,12693,-7401,-5296
14742,-1856,-12891,12716,-7183,-5538
14603,-1521,-13091,12732,-6959,-5777
14462,-1186,-13282,12743,-6735,-6013
14314,-849,-13469,12751,-6508,-6248
14157,-513,-13649,12750,-6276,-6479
13993,-176,-13821,12743,-6043,-6708
13828,159,-13991,12734,-5807,-6935
13651,493,-14153,12717,-5566,-7157
13472,830,-14308,12695,-5325,-7376
13288,1166,-14460,12667,-5081,-7593
13094,1502,-14603,12634,-4835,-7805
12896,1837,-14740,12596,-4585,-8015
12693,2171,-14871,12552,-4337,-8221
12484,2503,-14995,12503,-4083,-8424
12271,2835,-15111,12445,-3829,-8622
12051,3166,-15224,12386,-3575,-8817
11825,3495,-15327,12320,-3316,-9008
11594,3823,-15424,12247,-3057,-9196
11360,4151,-15516,12171,-2797,-9378
11118,4474,-15599,12089,-2536,-9557
10874,4795,-15674,12000,-2274,-9732
10625,5117,-15746,11910,-2012,-9903
10370,5434,-15809,11811,-1747,-10068
10110,5749,-15865,11706,-1482,-10230
9847,6063,-15916,11598,-1216,-10387
9579,6374,-15958,11486,-949,-10541
9305,6679,-15991,11365,-684,-10689
9031,6985,-16021,11244,-416,-10832
8751,7286,-16041,11115,-148,-10971
8467,7584,-16055,10981,117,-11103
8180,7881,-16065,10843,385,-11235
7884,8173,-16063,10699,654,-11358
7592,8458,-16056,10553,916,-11475
7293,8743,-16044,10401,1185,-11593
6992,9023,-16022,10245,1449,-11700
6689,9299,-15993,10080,1714,-11802
6383,9573,-15960,9919,1978,-11903
6071,9841,-15917,9746,2242,-11996
5757,10103,-15866,9571,2503,-12082
5442,10363,-15811,9394,2766,-12165
5125,10618,-15748,9212,3026,-12244
4805,10867,-15678,9025,3285,-12315
4482,11113,-15603,8833,3543,-12383
4157,11354,-15518,8638,3798,-12443
3833,11589,-15427,8441,4053,-12500
3505,11821,-15332,8239,4303,-12549
3176,12045,-15229,8032,4555,-12593
2845,12266,-15115,7823,4803,-12632
2514,12481,-14999,7610,5049,-12669
2180,12689,-14875,7395,5295,-12694
1847,12892,-14745,7175,5536,-12718
1512,13092,-14608,6955,5776,-12736
1176,13281,-14464,6727,6013,-12746
841,13468,-14314,6499,6247,-12751
505,13650,-14161,6269,6478,-12752
168,13823,-13997,6035,6706,-12749
-167,13992,-13829,5798,6934,-12736
-503,14155,-13655,5558,7156,-12719
-840,14310,-13474,5317,7375,-12697
-1176,14458,-13287,5073,7591,-12669
-1511,14603,-13097,4826,7804,-12638
-1847,14739,-12898,4578,8014,-12598
-2180,14871,-12695,4327,8220,-12552
-2513,14995,-12486,4077,8420,-12504
-2845,15112,-12271,3822,8619,-12449
-3174,15222,-12051,3567,8815,-12387
-3504,15326,-11826,3308,9006,-12323
-3834,15423,-11593,3047,9196,-12249
-4158,15513,-11361,2789,9377,-12173
-4482,15599,-11121,2529,9556,-12091
-4803,15675,-10875,2265,9730,-12003
-5122,15744,-10626,2003,9900,-11908
-5444,15808,-10371,1737,10067,-11812
-5756,15862,-10110,1474,10229,-11708
-6071,15912,-9846,1208,10385,-11599
-6380,15957,-9579,943,10538,-11486
-6687,15991,-9308,676,10686,-11367
-6992,16018,-9030,409,10829,-11242
-7295,16041,-8751,142,10969,-11116
-7593,16053,-8467,-124,11100,-10981
-7886,16061,-8176,-393,11231,-10841
-8177,16062,-7887,-658,11355,-10701
-8465,16054,-7591,-925,11473,-10553
-8749,16039,-7293,-1191,11586,-10400
-9031,16018,-6992,-1458,11697,-10244
-9306,15990,-6687,-1723,11800,-10082
-9578,15956,-6380,-1986,11897,-9915
-9847,15914,-6070,-2250,11991,-9746
-10110,15864,-5757,-2513,12079,-9571
-10369,15806,-5442,-2773,12161,-9394
-10625,15746,-5123,-3035,12241,-9209
-10873,15673,-4803,-3292,12310,-9022
-11119,15596,-4481,-3551,12378,-8834
-11363,15515,-4157,-3806,12440,-8637
-11595,15423,-3832,-4061,12496,-8438
-11825,15326,-3503,-4312,12546,-8237
-12053,15223,-3175,-4563,12591,-8032
-12269,15112,-2843,-4812,12627,-7821
-12484,14994,-2511,-5058,12661,-7609
-12696,14871,-2180,-5302,12692,-7394
-12899,14740,-1845,-5543,12712,-7173
-13096,14602,-1511,-5782,12729,-6951
-13289,14459,-1175,-6021,12742,-6726
-13473,14310,-838,-6253,12745,-6497
-13654,14153,-502,-6485,12747,-6266
-13829,13993,-166,-6715,12743,-6033
-13997,13822,169,-6939,12730,-5796
-14159,13649,505,-7162,12713,-5556
-14315,13469,841,-7382,12691,-5315
-14464,13281,1179,-7598,12663,-5069
-14607,13090,1512,-7809,12630,-4825
-14746,12892,1846,-8022,12590,-4576
-14874,12688,2183,-8227,12547,-4325
-14998,12478,2514,-8428,12497,-4072
-15116,12266,2846,-8626,12442,-3819
-15226,12045,3176,-8822,12381,-3562
-15329,11820,3506,-9013,12314,-3306
-15427,11590,3834,-9199,12244,-3047
-15516,11352,4160,-9382,12165,-2786
-15602,11114,4483,-9562,12082,-2527
-15678,10868,4807,-9737,11997,-2263
-15747,10617,5126,-9907,11902,-1999
-15810,10362,5444,-10072,11803,-1736
-15868,10104,5759,-10236,11701,-1471
-15916,9840,6073,-10391,11592,-1206
-15957,9570,6382,-10543,11477,-938
-15994,9299,6690,-10693,11361,-672
-16020,9023,6993,-10836,11235,-407
-16043,8742,7295,-10973,11105,-137
-16056,8458,7594,-11108,10975,130
-16062,8170,7887,-11237,10835,396
-16062,7877,8182,-11359,10691,661
-16056,7583,8467,-11481,10546,927
-16041,7285,8751,-11592,10391,1195
-16019,6983,9030,-11701,10236,1460
-15991,6679,9308,-11805,10074,1726
-15956,6371,9579,-11904,9907,1988
-15914,6061,9847,-11997,9736,2253
-15866,5749,10113,-12084,9564,2516
-15807,5432,10370,-12166,9384,2777
-15744,5115,10624,-12242,9202,3037
-15676,4795,10877,-12318,9015,3296
-15598,4472,11119,-12383,8824,3553
-15515,4146,11361,-12443,8628,3808
-15425,3822,11597,-12499,8430,4064
-15325,3494,11826,-12548,8228,4315
-15219,3165,12050,-12592,8022,4565
-15112,2835,12274,-12632,7814,4815
-14993,2504,12485,-12664,7600,5059
-14867,2167,12697,-12695,7381,5308
-14739,1837,12898,-12719,7166,5548
-14601,1502,13095,-12734,6942,5785
-14459,1166,13287,-12745,6716,6022
-14310,829,13475,-12751,6489,6258
-14151,493,13652,-12749,6256,6488
-13990,156,13826,-12745,6022,6717
-13823,-180,13997,-12735,5787,6943
-13647,-514,14156,-12717,5546,7165
-13467,-850,14315,-12694,5303,7386
-13282,-1187,14464,-12668,5063,7601
-13089,-1522,14604,-12631,4814,7812
-12890,-1857,14742,-12594,4565,8021
-12689,-2189,14873,-12550,4316,8228
-12477,-2523,14996,-12500,4063,8431
-12260,-2856,15114,-12445,3809,8629
-12045,-3186,15224,-12383,3555,8824
-11814,-3516,15328,-12316,3294,9014
-11586,-3843,15424,-12244,3037,9202
-11352,-4169,15517,-12168,2777,9385
-11111,-4493,15597,-12085,2514,9564
-10865,-4814,15674,-11997,2254,9737
-10615,-5134,15745,-11905,1990,9909
-10359,-5452,15808,-11804,1726,10072
-10100,-5768,15863,-11702,1460,10237
-9837,-6081,15913,-11594,1196,10393
-9568,-6391,15953,-11478,929,10544
-9295,-6697,15988,-11360,663,10692
-9020,-7004,16019,-11237,395,10835
-8741,-7303,16038,-11108,128,10974
-8455,-7601,16051,-10974,-140,11107
-8167,-7898,16059,-10836,-406,11237
-7875,-8187,16056,-10691,-671,11361
-7580,-8475,16050,-10544,-939,11478
-7281,-8760,16038,-10393,-1205,11593
-6981,-9040,16014,-10235,-1471,11701
-6677,-9314,15987,-10075,-1734,11805
-6370,-9589,15952,-9910,-2001,11903
-6056,-9857,15909,-9736,-2263,11996
-5745,-10119,15860,-9562,-2525,12084
-5430,-10379,15805,-9385,-2788,12169
-5111,-10632,15739,-9201,-3046,12242
-4792,-10883,15670,-9014,-3305,12315
-4471,-11129,15594,-8823,-3563,12383
-4145,-11368,15508,-8627,-3819,12442
-3817,-11602,15417,-8430,-4072,12498
-3491,-11835,15320,-8227,-4326,12548
-3162,-12058,15215,-8021,-4576,12590
-2831,-12276,15104,-7811,-4824,12630
-2500,-12492,14989,-7600,-5070,12665
-2166,-12701,14863,-7383,-5315,12690
-1832,-12902,14731,-7164,-5556,12714
-1498,-13102,14595,-6943,-5796,12733
-1164,-13293,14451,-6715,-6032,12743
-828,-13480,14301,-6488,-6266,12747
-491,-13661,14146,-6256,-6497,12749
-153,-13834,13982,-6022,-6726,12741
182,-14002,13814,-5785,-6952,12729
517,-14166,13641,-5546,-7174,12714
854,-14319,13459,-5304,-7393,12691
1190,-14469,13272,-5058,-7610,12663
1525,-14614,13081,-4813,-7822,12632
1861,-14748,12881,-4564,-8032,12590
2194,-14878,12678,-4315,-8237,12546
2527,-15004,12469,-4061,-8440,12497
2857,-15118,12255,-3807,-8638,12440
3187,-15229,12033,-3552,-8832,12379
3517,-15334,11809,-3295,-9024,12314
3845,-15430,11576,-3037,-9210,12241
4172,-15519,11343,-2774,-9394,12163
4495,-15606,11102,-2514,-9574,12083
4817,-15679,10854,-2251,-9747,11991
5137,-15749,10606,-1990,-9917,11898
5454,-15813,10351,-1725,-10083,11803
5770,-15868,10090,-1458,-10242,11697
6083,-15916,9827,-1194,-10400,11588
6393,-15960,9560,-927,-10555,11476
6701,-15993,9286,-661,-10701,11355
7003,-16020,9010,-392,-10845,11232
7306,-16044,8729,-128,-10983,11104
7604,-16055,8444,139,-11113,10968
7899,-16063,8158,407,-11245,10830
8193,-16063,7866,674,-11369,10689
8476,-16053,7570,940,-11485,10539
8761,-16040,7272,1207,-11601,10387
9041,-16019,6970,1472,-11710,10232
9317,-15989,6667,1737,-11811,10068
9589,-15953,6358,2001,-11910,9902
9858,-15913,6048,2264,-12004,9733
10124,-15861,5729,2530,-12091,9554
10380,-15806,5419,2788,-12172,9378
10633,-15743,5102,3048,-12251,9195
10883,-15671,4781,3307,-12321,9008
11130,-15594,4460,3565,-12388,8818
11370,-15512,4136,3822,-12451,8624
11604,-15418,3809,4075,-12504,8423
11834,-15321,3480,4327,-12553,8220
12058,-15220,3151,4576,-12600,8016
12279,-15106,2821,4825,-12636,7806
12493,-14988,2490,5073,-12670,7592
12702,-14866,2157,5315,-12699,7378
12904,-14733,1823,5557,-12720,7157
13101,-14595,1487,5796,-12738,6935
13296,-14454,1153,6033,-12749,6709
13478,-14302,815,6265,-12753,6480
13659,-14145,480,6497,-12754,6248
13834,-13986,143,6727,-12749,6015
14001,-13814,-193,6951,-12737,5777
14162,-13640,-527,7175,-12720,5538
14321,-13461,-864,7395,-12698,5298
14466,-13272,-1201,7610,-12668,5053
14611,-13079,-1534,7821,-12635,4806
14749,-12883,-1870,8032,-12596,4557
14876,-12677,-2203,8237,-12550,4307
15000,-12467,-2537,8438,-12501,4056
15118,-12254,-2870,8639,-12446,3799
15226,-12033,-3201,8833,-12384,3546
15330,-11808,-3529,9023,-12316,3286
15429,-11578,-3856,9209,-12246,3028
15518,-11336,-4185,9394,-12166,2764
15602,-11100,-4506,9572,-12085,2507
15677,-10856,-4826,9747,-11997,2245
15746,-10604,-5148,9915,-11904,1982
15808,-10349,-5465,10081,-11805,1717
15866,-10091,-5780,10244,-11703,1452
15913,-9825,-6093,10399,-11592,1188
15954,-9557,-6403,10551,-11478,921
15991,-9286,-6711,10700,-11361,654
16017,-9008,-7015,10842,-11236,387
16038,-8728,-7316,10979,-11106,119
16050,-8443,-7615,11117,-10974,-149
16058,-8154,-7908,11241,-10833,-413
16058,-7862,-8198,11366,-10692,-680
16051,-7569,-8487,11486,-10543,-948
16033,-7270,-8773,11598,-10389,-1214
16013,-6967,-9052,11707,-10231,-1480
15987,-6664,-9327,11810,-10071,-1746
15949,-6355,-9599,11907,-9904,-2007
15907,-6046,-9867,12003,-9733,-2271
15857,-5733,-10133,12090,-9562,-2535
15800,-5415,-10388,12169,-9381,-2794
15737,-5097,-10643,12247,-9197,-3055
15667,-4779,-10895,12321,-9012,-3316
15588,-4455,-11138,12385,-8820,-3571
15506,-4130,-11380,12446,-8624,-3827
15415,-3807,-11615,12504,-8426,-4080
15314,-3477,-11844,12551,-8223,-4332
15211,-3149,-12069,12595,-8017,-4584
15099,-2818,-12288,12635,-7807,-4833
14981,-2486,-12502,12666,-7594,-5078
14857,-2152,-12710,12695,-7379,-5322
14729,-1818,-12914,12719,-7159,-5565
14588,-1485,-13110,12732,-6936,-5801
14447,-1149,-13301,12744,-6710,-6040
14296,-813,-13490,12751,-6483,-6275
14138,-476,-13668,12750,-6248,-6505
13976,-140,-13841,12744,-6015,-6733
13807,201,-14014,12733,-5777,-6962
13631,532,-14169,12715,-5539,-7181
13452,867,-14326,12692,-5299,-7401
13266,1205,-14477,12665,-5053,-7617
13072,1539,-14617,12630,-4807,-7827
12874,1873,-14755,12592,-4558,-8038
12671,2206,-14886,12548,-4309,-8243
12459,2541,-15008,12495,-4055,-8445
12247,2873,-15125,12441,-3802,-8644
12029,3204,-15236,12381,-3545,-8839
11798,3532,-15339,12312,-3288,-9028
11569,3860,-15434,12239,-3028,-9215
11333,4185,-15526,12163,-2768,-9399
11092,4508,-15607,12080,-2507,-9577
10847,4832,-15684,11991,-2244,-9751
10597,5153,-15755,11899,-1982,-9922
10340,5468,-15815,11799,-1717,-10087
10081,5784,-15871,11696,-1453,-10247
9817,6096,-15921,11586,-1186,-10405
9547,6407,-15960,11471,-920,-10556
9276,6715,-15995,11353,-655,-10705
9000,7018,-16023,11230,-387,-10849
8719,7319,-16043,11100,-120,-10986
8435,7617,-16057,10967,147,-11118
8148,7913,-16064,10830,414,-11248
7853,8205,-16060,10683,682,-11370
7557,8492,-16056,10536,946,-11491
7260,8775,-16043,10384,1214,-11603
6958,9055,-16018,10226,1479,-11712
6655,9330,-15990,10064,1745,-11813
6347,9603,-15956,9899,2009,-11914
6035,9869,-15910,9727,2272,-12006
5725,10133,-15860,9551,2533,-12092
5407,10392,-15806,9374,2796,-12177
5088,10646,-15740,9189,3056,-12252
4769,10895,-15671,9003,3315,-12322
4447,11142,-15594,8812,3573,-12391
4123,11380,-15508,8616,3828,-12449
3796,11615,-15416,8419,4084,-12504
3469,11848,-15320,8217,4333,-12555
3139,12069,-15214,8009,4583,-12598
2808,12292,-15102,7799,4832,-12636
2477,12503,-14986,7588,5077,-12672
2145,12711,-14860,7370,5320,-12697
1810,12915,-14729,7151,5564,-12720
1474,13112,-14592,6928,5802,-12737
1138,13303,-14447,6702,6038,-12746
803,13488,-14298,6474,6272,-12752
467,13671,-14141,6241,6503,-12752
130,13841,-13979,6008,6732,-12746
-204,14010,-13810,5771,6956,-12735
-541,14174,-13634,5532,7181,-12718
-876,14326,-13453,5289,7400,-12695
-1211,14476,-13266,5045,7616,-12666
-1548,14620,-13075,4799,7827,-12633
-1884,14754,-12875,4549,8038,-12591
-2217,14883,-12673,4300,8242,-12549
-2549,15007,-12464,4047,8444,-12498
-2882,15124,-12246,3793,8642,-12442
-3212,15234,-12025,3537,8837,-12381
-3542,15340,-11801,3280,9028,-12314
-3868,15433,-11570,3021,9214,-12241
-4194,15524,-11335,2761,9397,-12163
-4517,15608,-11095,2500,9576,-12081
-4841,15682,-10847,2235,9750,-11991
-5158,15753,-10598,1973,9920,-11900
-5476,15815,-10340,1708,10087,-11801
-5791,15869,-10081,1444,10247,-11696
-6103,15917,-9817,1177,10403,-11586
-6414,15961,-9550,913,10554,-11473
-6721,15992,-9276,645,10702,-11353
-7026,16021,-8999,378,10844,-11229
-7328,16043,-8719,112,10984,-11101
-7623,16054,-8433,-156,11115,-10964
-7920,16061,-8145,-422,11246,-10827
-8208,16061,-7854,-688,11368,-10685
-8497,16051,-7558,-955,11486,-10534
-8781,16037,-7261,-1221,11600,-10383
-9063,16016,-6959,-1487,11710,-10227
-9337,15986,-6654,-1752,11810,-10063
-9610,15952,-6346,-2017,11910,-9897
-9878,15909,-6036,-2278,12001,-9728
-10140,15857,-5721,-2542,12089,-9551
-10398,15800,-5406,-2804,12170,-9372
-10652,15739,-5087,-3063,12248,-9189
-10901,15665,-4768,-3321,12318,-9002
-11147,15588,-4447,-3578,12385,-8811
-11389,15506,-4119,-3834,12447,-8617
-11621,15412,-3795,-4087,12500,-8416
-11852,15314,-3466,-4340,12551,-8214
-12078,15211,-3137,-4591,12594,-8008
-12293,15098,-2807,-4839,12631,-7799
-12509,14981,-2475,-5084,12664,-7585
-12719,14857,-2142,-5329,12694,-7370
-12919,14725,-1807,-5570,12715,-7149
-13118,14587,-1474,-5810,12731,-6927
-13311,14444,-1139,-6047,12743,-6701
-13492,14291,-800,-6280,12746,-6472
-13674,14136,-465,-6511,12748,-6241
-13848,13975,-130,-6739,12742,-6008
-14014,13804,207,-6964,12729,-5768
-14177,13629,543,-7187,12713,-5530
-14332,13449,878,-7406,12689,-5288
-14479,13259,1216,-7621,12660,-5043
-14622,13068,1551,-7834,12627,-4796
-14760,12871,1884,-8045,12587,-4548
-14889,12664,2219,-8249,12540,-4298
-15012,12456,2551,-8450,12493,-4044
-15130,12243,2883,-8649,12436,-3790
-15238,12019,3213,-8844,12373,-3535
-15342,11794,3543,-9033,12306,-3277
-15438,11563,3871,-9220,12234,-3019
-15527,11326,4195,-9403,12157,-2757
-15610,11087,4518,-9581,12074,-2498
-15686,10841,4842,-9757,11986,-2233
-15755,10588,5162,-9925,11891,-1971
-15816,10334,5479,-10092,11793,-1706
-15873,10075,5794,-10251,11690,-1443
-15919,9810,6105,-10409,11579,-1175
-15962,9540,6417,-10559,11465,-908
-15997,9270,6725,-10708,11347,-642
-16021,8991,7028,-10851,11221,-375
-16045,8711,7329,-10987,11094,-108
-16058,8426,7627,-11123,10959,159
-16063,8137,7921,-11249,10819,424
-16061,7844,8212,-11374,10677,693
-16056,7551,8500,-11492,10528,958
-16038,7250,8783,-11606,10374,1225
-16017,6950,9061,-11712,10217,1489
-15988,6646,9339,-11817,10057,1755
-15952,6337,9609,-11915,9888,2019
-15909,6026,9878,-12007,9719,2282
-15859,5713,10142,-12094,9543,2545
-15800,5397,10398,-12175,9364,2805
-15738,5079,10653,-12252,9181,3066
-15668,4759,10904,-12324,8994,3325
-15589,4436,11147,-12389,8802,3581
-15505,4113,11386,-12450,8606,3837
-15413,3786,11623,-12506,8409,4093
-15312,3458,11850,-12554,8206,4343
-15212,3129,12075,-12598,8000,4592
-15099,2797,12297,-12639,7791,4842
-14979,2467,12507,-12668,7574,5087
-14854,2132,12716,-12697,7359,5332
-14726,1800,12921,-12718,7141,5573
-14586,1463,13117,-12734,6915,5812
-14443,1130,13308,-12746,6692,6048
-14292,794,13495,-12752,6463,6283
-14133,455,13672,-12749,6229,6514
-13971,119,13846,-12743,5997,6742
-13803,-217,14014,-12733,5759,6968
-13627,-552,14174,-12714,5519,7189
-13446,-890,14330,-12692,5277,7407
-13260,-1223,14481,-12662,5033,7626
-13066,-1560,14621,-12629,4786,7834
-12868,-1894,14757,-12590,4537,8046
-12664,-2229,14888,-12545,4289,8251
-12454,-2561,15008,-12493,4035,8452
-12239,-2893,15127,-12438,3781,8651
-12019,-3224,15237,-12377,3525,8845
-11791,-3552,15337,-12307,3267,9035
-11560,-3881,15435,-12236,3008,9223
-11326,-4205,15526,-12159,2748,9405
-11079,-4533,15607,-12075,2483,9586
-10837,-4851,15683,-11986,2225,9757
-10586,-5171,15754,-11894,1961,9928
-10330,-5487,15814,-11793,1697,10090
-10072,-5804,15869,-11689,1431,10253
-9807,-6116,15919,-11581,1165,10410
-9536,-6426,15958,-11465,899,10561
-9266,-6732,15993,-11348,632,10709
-8987,-7040,16020,-11221,364,10853
-8708,-7337,16038,-11094,98,10988
-8422,-7634,16053,-10959,-169,11122
-8134,-7930,16059,-10820,-435,11250
-7842,-8219,16056,-10676,-702,11372
-7547,-8508,16051,-10528,-968,11492
-7248,-8791,16035,-10375,-1233,11605
-6947,-9071,16011,-10216,-1500,11713
-6643,-9345,15984,-10055,-1764,11816
-6335,-9620,15948,-9889,-2028,11913
-6023,-9884,15904,-9717,-2294,12005
-5709,-10148,15853,-9542,-2554,12093
-5394,-10408,15796,-9364,-2815,12176
-5076,-10660,15732,-9180,-3075,12251
-4755,-10911,15661,-8993,-3335,12322
-4433,-11156,15584,-8801,-3592,12388
-4106,-11393,15496,-8607,-3847,12447
-3777,-11634,15405,-8406,-4103,12504
-3455,-11862,15308,-8203,-4353,12553
-3126,-12083,15204,-7998,-4603,12596
-2794,-12302,15092,-7788,-4852,12636
-2463,-12515,14974,-7576,-5099,12668
-2131,-12723,14848,-7358,-5341,12694
-1795,-12927,14718,-7140,-5584,12717
-1461,-13123,14580,-6916,-5822,12732
-1125,-13315,14433,-6690,-6060,12741
-788,-13500,14283,-6461,-6291,12748
-452,-13681,14129,-6231,-6522,12748
-115,-13852,13964,-5995,-6751,12740
219,-14020,13795,-5760,-6977,12731
555,-14184,13620,-5520,-7199,12712
891,-14335,13439,-5277,-7416,12688
1227,-14485,13252,-5032,-7635,12659
1562,-14629,13059,-4785,-7847,12626
1899,-14763,12858,-4537,-8054,12584
2231,-14893,12656,-4286,-8261,12542
2564,-15016,12445,-4033,-8462,12489
2896,-15132,12229,-3778,-8660,12434
3225,-15242,12010,-3522,-8853,12373
3555,-15346,11784,-3265,-9044,12306
3880,-15439,11552,-3006,-9229,12232
4208,-15531,11316,-2746,-9414,12155
4530,-15614,11075,-2484,-9592,12072
4853,-15688,10827,-2222,-9766,11981
5173,-15758,10578,-1958,-9936,11888
5491,-15820,10324,-1696,-10102,11790
5805,-15874,10060,-1428,-10261,11684
6118,-15922,9796,-1164,-10418,11576
6427,-15963,9529,-898,-10569,11463
6732,-15995,9255,-631,-10717,11343
7040,-16024,8978,-363,-10860,11219
7340,-16045,8698,-96,-10999,11088
7636,-16057,8412,169,-11130,10952
7932,-16063,8125,436,-11259,10816
8223,-16063,7833,705,-11381,10671
8508,-16053,7539,970,-11499,10522
8793,-16037,7241,1236,-11612,10371
9075,-16016,6935,1504,-11722,10211
9348,-15985,6632,1766,-11823,10051
9620,-15950,6323,2033,-11923,9882
9886,-15907,6013,2295,-12013,9713
10150,-15855,5699,2557,-12100,9536
10407,-15800,5384,2818,-12182,9358
10662,-15735,5067,3078,-12259,9176
10910,-15662,4746,3336,-12328,8987
11156,-15587,4423,3593,-12397,8797
11397,-15501,4101,3849,-12457,8600
11630,-15409,3771,4104,-12511,8400
11859,-15312,3444,4353,-12560,8201
12083,-15205,3115,4605,-12604,7993
12303,-15092,2783,4853,-12641,7781
12517,-14975,2453,5099,-12674,7569
12725,-14849,2118,5342,-12701,7352
12925,-14718,1784,5584,-12722,7133
13124,-14581,1449,5823,-12740,6909
13317,-14438,1114,6060,-12750,6684
13499,-14284,777,6293,-12753,6453
13679,-14129,441,6524,-12754,6221
13852,-13965,106,6752,-12748,5988
14020,-13795,-230,6977,-12735,5752
14180,-13620,-566,7199,-12718,5511
14338,-13439,-904,7420,-12694,5269
14483,-13250,-1239,7633,-12664,5024
14627,-13058,-1573,7845,-12633,4779
14763,-12860,-1908,8056,-12592,4531
14890,-12654,-2241,8261,-12545,4278
15014,-12446,-2575,8461,-12495,4027
15131,-12230,-2906,8660,-12439,3773
15239,-12009,-3236,8854,-12376,3517
15342,-11782,-3565,9044,-12309,3259
15438,-11552,-3892,9231,-12237,3001
15526,-11313,-4217,9411,-12159,2739
15609,-11074,-4541,9592,-12076,2478
15685,-10829,-4864,9765,-11988,2215
15752,-10576,-5183,9934,-11892,1952
15816,-10321,-5501,10100,-11795,1687
15873,-10060,-5817,10261,-11690,1422
15918,-9795,-6128,10417,-11580,1156
15958,-9528,-6439,10566,-11466,890
15993,-9253,-6745,10716,-11346,623
16019,-8976,-7047,10857,-11220,357
16040,-8696,-7350,10997,-11092,89
16053,-8410,-7647,11128,-10958,-177
16057,-8122,-7941,11256,-10817,-444
16057,-7826,-8237,11382,-10672,-713
16049,-7536,-8519,11497,-10527,-977
16031,-7237,-8803,11610,-10372,-1243
16011,-6934,-9082,11719,-10214,-1509
15980,-6627,-9358,11821,-10053,-1775
15944,-6322,-9629,11917,-9886,-2037
15901,-6011,-9896,12012,-9715,-2301
15852,-5698,-10160,12096,-9540,-2563
15792,-5381,-10417,12180,-9360,-2824
15730,-5063,-10672,12256,-9177,-3085
15657,-4741,-10921,12328,-8989,-3344
15577,-4418,-11166,12391,-8796,-3600
15495,-4094,-11406,12453,-8603,-3857
15402,-3769,-11640,12508,-8404,-4109
15304,-3442,-11869,12555,-8196,-4362
15199,-3111,-12093,12601,-7995,-4611
15088,-2781,-12312,12638,-7784,-4860
14967,-2448,-12526,12669,-7571,-5106
14844,-2115,-12734,12697,-7355,-5350
14713,-1781,-12937,12720,-7133,-5591
14572,-1446,-13133,12735,-6911,-5830
14430,-1111,-13324,12746,-6686,-6066
14277,-771,-13510,12751,-6454,-6303
14121,-439,-13688,12749,-6224,-6530
13958,-102,-13860,12744,-5990,-6759
13789,234,-14028,12730,-5753,-6983
13613,569,-14188,12712,-5513,-7205
13432,905,-14344,12690,-5270,-7426
13246,1242,-14493,12660,-5026,-7641
13048,1582,-14635,12625,-4775,-7855
12853,1911,-14771,12586,-4531,-8062
12648,2246,-14899,12541,-4281,-8266
12436,2578,-15021,12489,-4026,-8468
12222,2911,-15138,12435,-3773,-8667
12001,3240,-15247,12373,-3516,-8861
11772,3569,-15349,12304,-3259,-9050
11541,3897,-15446,12232,-2999,-9238
11307,4221,-15534,12153,-2739,-9419
11064,4546,-15615,12068,-2477,-9596
10819,4869,-15692,11981,-2216,-9770
10567,5186,-15762,11887,-1952,-9940
10312,5503,-15823,11788,-1687,-10105
10053,5819,-15878,11683,-1422,-10267
9788,6134,-15925,11574,-1157,-10422
9518,6442,-15965,11459,-890,-10574
9246,6748,-16000,11340,-624,-10721
8970,7052,-16027,11214,-357,-10864
8687,7350,-16045,11086,-90,-11000
8403,7650,-16059,10951,176,-11135
8115,7945,-16065,10812,443,-11261
7820,8235,-16061,10669,710,-11383
7526,8523,-16055,10520,977,-11503
7227,8806,-16039,10366,1244,-11615
6924,9084,-16015,10207,1509,-11724
6621,9360,-15988,10046,1775,-11825
6312,9634,-15949,9881,2037,-11923
6001,9899,-15905,9707,2302,-12016
5689,10163,-15854,9532,2563,-12102
5372,10420,-15797,9353,2825,-12184
5052,10674,-15732,9169,3083,-12259
4734,10924,-15663,8982,3342,-12331
4411,11166,-15583,8790,3600,-12396
4086,11405,-15497,8593,3855,-12456
3760,11641,-15408,8396,4111,-12511
3431,11869,-15308,8194,4360,-12559
3103,12093,-15203,7986,4611,-12602
2770,12316,-15090,7776,4858,-12642
2441,12527,-14973,7563,5105,-12674
2106,12735,-14845,7347,5348,-12701
1773,12936,-14715,7126,5589,-12722
1437,13132,-14577,6902,5829,-12739
1101,13324,-14430,6676,6065,-12747
765,13510,-14281,6448,6298,-12754
428,13689,-14124,6216,6529,-12752
93,13860,-13958,5981,6756,-12744
-242,14027,-13792,5745,6981,-12734
-579,14189,-13616,5505,7205,-12714
-915,14344,-13432,5262,7425,-12692
-1249,14493,-13246,5018,7640,-12663
-1587,14633,-13052,4771,7851,-12629
-1921,14768,-12854,4523,8060,-12588
-2254,14899,-12650,4272,8265,-12544
-2586,15021,-12439,4019,8465,-12492
-2917,15136,-12221,3764,8663,-12436
-3249,15246,-12001,3510,8859,-12374
-3577,15348,-11776,3250,9048,-12305
-3904,15444,-11543,2992,9235,-12232
-4230,15535,-11308,2732,9417,-12155
-4552,15616,-11066,2471,9594,-12071
-4874,15690,-10819,2207,9768,-11981
-5195,15760,-10569,1943,9939,-11889
-5513,15821,-10312,1679,10102,-11791
-5826,15874,-10052,1415,10262,-11684
-6140,15923,-9788,1148,10421,-11574
-6448,15963,-9519,883,10571,-11459
-6755,15996,-9246,616,10717,-11340
-7060,16025,-8969,349,10861,-11216
-7360,16043,-8686,80,10998,-11086
-7658,16056,-8400,-185,11130,-10950
-7952,16062,-8113,-452,11260,-10811
-8244,16060,-7820,-717,11382,-10668
-8529,16052,-7524,-986,11498,-10518
-8814,16035,-7227,-1252,11612,-10367
-9092,16014,-6926,-1516,11718,-10209
-9367,15983,-6619,-1782,11821,-10045
-9640,15946,-6311,-2045,11921,-9879
-9907,15903,-6000,-2309,12013,-9706
-10168,15851,-5687,-2571,12098,-9533
-10427,15794,-5371,-2833,12179,-9352
-10680,15730,-5052,-3092,12257,-9168
-10930,15657,-4732,-3350,12327,-8981
-11174,15580,-4410,-3607,12393,-8790
-11413,15494,-4084,-3862,12453,-8593
-11647,15402,-3758,-4116,12506,-8393
-11878,15304,-3430,-4368,12557,-8190
-12099,15199,-3102,-4619,12598,-7986
-12318,15084,-2770,-4867,12637,-7775
-12533,14968,-2437,-5113,12669,-7562
-12741,14841,-2105,-5356,12696,-7345
-12941,14710,-1772,-5598,12716,-7125
-13141,14572,-1435,-5837,12734,-6902
-13330,14427,-1100,-6072,12741,-6676
-13513,14274,-763,-6306,12747,-6445
-13692,14120,-428,-6536,12747,-6215
-13867,13956,-91,-6764,12740,-5980
-14033,13784,243,-6990,12726,-5743
-14194,13610,580,-7212,12711,-5504
-14348,13427,916,-7431,12686,-5259
-14497,13239,1253,-7644,12655,-5018
-14640,13048,1588,-7860,12624,-4770
-14774,12847,1922,-8068,12582,-4520
-14902,12642,2255,-8270,12536,-4268
-15026,12432,2589,-8474,12486,-4018
-15140,12216,2920,-8670,12428,-3763
-15250,11995,3250,-8865,12365,-3507
-15352,11769,3580,-9054,12300,-3250
-15448,11536,3907,-9241,12226,-2990
-15535,11300,4231,-9422,12147,-2728
-15621,11056,4560,-9605,12064,-2465
-15694,10812,4877,-9774,11975,-2204
-15762,10563,5196,-9943,11881,-1941
-15824,10307,5515,-10108,11783,-1677
-15878,10044,5830,-10269,11676,-1412
-15926,9781,6142,-10424,11567,-1147
-15966,9510,6452,-10578,11453,-880
-15999,9237,6758,-10725,11332,-612
-16026,8960,7062,-10866,11207,-346
-16047,8679,7361,-11005,11079,-77
-16058,8394,7660,-11136,10944,187
-16062,8104,7952,-11263,10802,455
-16062,7813,8245,-11387,10661,720
-16052,7518,8530,-11506,10510,988
-16038,7219,8815,-11616,10356,1255
-16014,6917,9092,-11725,10200,1521
-15983,6611,9368,-11826,10038,1784
-15947,6303,9640,-11925,9868,2049
-15904,5992,9907,-12017,9699,2312
-15853,5679,10169,-12102,9523,2574
-15793,5361,10426,-12184,9343,2835
-15731,5045,10682,-12260,9159,3094
-15657,4723,10929,-12332,8973,3353
-15580,4400,11175,-12395,8781,3612
-15495,4077,11415,-12456,8584,3866
-15402,3749,11648,-12511,8384,4121
-15302,3421,11875,-12559,8182,4371
-15197,3087,12105,-12604,7973,4626
-15086,2762,12320,-12640,7766,4870
-14965,2428,12532,-12672,7550,5115
-14841,2095,12741,-12698,7336,5359
-14709,1762,12941,-12721,7115,5600
-14570,1427,13138,-12735,6893,5837
-14426,1090,13330,-12747,6665,6073
-14275,754,13513,-12751,6437,6308
-14116,418,13692,-12750,6205,6539
-13954,81,13866,-12743,5970,6768
-13784,-253,14031,-12729,5733,6992
-13606,-590,14192,-12712,5492,7214
-13428,-926,14349,-12689,5251,7433
-13237,-1261,14494,-12659,5005,7649
-13045,-1597,14637,-12624,4760,7859
-12846,-1931,14772,-12587,4509,8068
-12641,-2264,14901,-12539,4259,8274
-12430,-2598,15021,-12488,4007,8474
-12214,-2930,15139,-12431,3752,8674
-11993,-3259,15247,-12369,3495,8865
-11765,-3587,15350,-12300,3239,9056
-11536,-3916,15447,-12229,2980,9244
-11298,-4240,15533,-12149,2720,9425
-11057,-4564,15616,-12066,2457,9602
-10810,-4887,15692,-11977,2197,9776
-10559,-5206,15758,-11883,1930,9944
-10301,-5523,15820,-11782,1667,10109
-10039,-5844,15876,-11677,1397,10274
-9778,-6150,15922,-11567,1137,10426
-9507,-6459,15961,-11452,870,10578
-9235,-6767,15997,-11334,604,10725
-8956,-7068,16023,-11208,336,10866
-8676,-7369,16040,-11078,69,11003
-8391,-7669,16054,-10945,-198,11138
-8103,-7962,16058,-10804,-464,11265
-7810,-8252,16054,-10660,-731,11386
-7514,-8539,16049,-10513,-997,11505
-7215,-8823,16032,-10358,-1263,11617
-6914,-9102,16010,-10200,-1529,11724
-6607,-9378,15980,-10038,-1796,11828
-6297,-9648,15942,-9870,-2057,11923
-5983,-9919,15898,-9695,-2328,12017
-5676,-10178,15848,-9523,-2583,12103
-5359,-10436,15788,-9343,-2844,12184
-5041,-10688,15722,-9159,-3104,12259
-4721,-10938,15653,-8971,-3363,12331
-4397,-11182,15573,-8780,-3620,12394
-4071,-11420,15487,-8584,-3875,12454
-3747,-11655,15397,-8386,-4130,12509
-3417,-11884,15298,-8181,-4381,12558
-3083,-12110,15189,-7971,-4635,12602
-2758,-12327,15078,-7765,-4879,12639
-2427,-12537,14958,-7550,-5125,12671
-2093,-12747,14834,-7335,-5368,12698
-1758,-12949,14703,-7115,-5610,12720
-1422,-13144,14563,-6892,-5849,12735
-1088,-13335,14417,-6663,-6086,12743
-751,-13522,14268,-6436,-6319,12748
-415,-13698,14107,-6203,-6548,12746
-78,-13872,13945,-5969,-6776,12738
255,-14040,13778,-5732,-7001,12728
593,-14200,13600,-5491,-7223,12709
930,-14353,13417,-5249,-7441,12685
1264,-14501,13231,-5006,-7658,12657
1602,-14643,13035,-4758,-7869,12620
1934,-14778,12837,-4509,-8077,12582
2270,-14908,12634,-4258,-8283,12536
2600,-15029,12421,-4006,-8483,12483
2934,-15145,12205,-3751,-8682,12426
3261,-15254,11986,-3496,-8876,12366
3590,-15355,11759,-3236,-9064,12297
3918,-15450,11525,-2979,-9251,12224
4244,-15541,11291,-2717,-9433,12146
4568,-15621,11048,-2457,-9610,12062
4887,-15696,10801,-2193,-9785,11971
5210,-15765,10550,-1930,-9954,11879
5524,-15824,10293,-1665,-10119,11778
5840,-15879,10032,-1399,-10278,11673
6153,-15929,9767,-1134,-10437,11564
6463,-15967,9497,-868,-10588,11446
6767,-16001,9226,-602,-10732,11329
7073,-16027,8948,-333,-10876,11203
7372,-16047,8665,-66,-11012,11074
7669,-16057,8381,199,-11143,10937
7965,-16063,8093,467,-11274,10799
8253,-16060,7801,735,-11395,10655
8541,-16052,7504,1000,-11512,10506
8824,-16038,7207,1266,-11625,10353
9104,-16013,6903,1532,-11732,10194
9377,-15981,6598,1796,-11833,10032
9649,-15947,6290,2060,-11934,9865
9914,-15902,5978,2323,-12024,9692
10177,-15850,5664,2585,-12110,9517
10437,-15793,5349,2847,-12191,9339
10690,-15728,5031,3106,-12267,9154
10939,-15655,4709,3363,-12337,8966
11184,-15577,4388,3622,-12404,8775
11421,-15490,4062,3878,-12461,8579
11656,-15397,3736,4131,-12517,8378
11886,-15300,3406,4383,-12566,8177
12107,-15193,3077,4632,-12608,7969
12326,-15080,2748,4880,-12646,7758
12541,-14962,2416,5127,-12678,7547
12748,-14834,2081,5370,-12704,7326
12949,-14703,1749,5611,-12724,7107
13146,-14566,1413,5850,-12743,6884
13335,-14419,1077,6085,-12750,6659
13518,-14268,741,6318,-12754,6429
13700,-14110,403,6550,-12754,6196
13872,-13947,68,6777,-12745,5962
14037,-13776,-266,7001,-12734,5724
14200,-13600,-603,7224,-12716,5485
14353,-13417,-940,7442,-12691,5243
14500,-13229,-1277,7657,-12660,4998
14644,-13036,-1610,7869,-12627,4753
14778,-12838,-1944,8077,-12586,4502
14905,-12632,-2279,8282,-12540,4251
15028,-12421,-2612,8485,-12490,3999
15141,-12205,-2943,8680,-12432,3744
15251,-11983,-3273,8876,-12370,3488
15355,-11757,-3601,9066,-12303,3231
15447,-11523,-3930,9251,-12227,2969
15535,-11287,-4256,9433,-12148,2710
15620,-11047,-4578,9610,-12069,2450
15692,-10799,-4900,9784,-11978,2186
15761,-10549,-5218,9951,-11882,1921
15823,-10292,-5537,10120,-11782,1659
15875,-10031,-5852,10278,-11677,1392
15923,-9766,-6163,10433,-11568,1127
15964,-9496,-6474,10586,-11453,860
15996,-9223,-6779,10730,-11332,594
16023,-8945,-7083,10875,-11207,328
16043,-8665,-7383,11011,-11079,60
16052,-8378,-7679,11144,-10941,-207
16058,-8089,-7973,11269,-10801,-472
16057,-7798,-8264,11394,-10658,-739
16047,-7501,-8550,11510,-10508,-1006
16030,-7201,-8834,11623,-10355,-1273
16009,-6901,-9115,11732,-10198,-1538
15976,-6594,-9389,11832,-10033,-1803
15940,-6287,-9659,11929,-9867,-2067
15899,-5978,-9926,12021,-9698,-2329
15843,-5662,-10189,12106,-9520,-2593
15786,-5346,-10445,12188,-9340,-2853
15722,-5027,-10701,12264,-9157,-3114
15648,-4708,-10948,12335,-8968,-3372
15571,-4384,-11192,12400,-8776,-3629
15485,-4058,-11432,12460,-8581,-3885
15391,-3733,-11665,12512,-8381,-4138
15291,-3403,-11894,12563,-8177,-4390
15189,-3075,-12120,12605,-7972,-4640
15073,-2743,-12335,12641,-7761,-4888
14955,-2413,-12549,12674,-7547,-5132
14830,-2077,-12755,12702,-7331,-5377
14697,-1745,-12960,12721,-7110,-5616
14557,-1409,-13153,12737,-6886,-5856
14414,-1071,-13344,12748,-6660,-6092
14261,-738,-13527,12749,-6430,-6325
14102,-401,-13707,12748,-6198,-6557
13940,-63,-13881,12742,-5965,-6785
13768,271,-14045,12729,-5725,-7008
13592,606,-14207,12711,-5485,-7230
13409,948,-14364,12687,-5240,-7454
13222,1280,-14509,12655,-4999,-7664
13030,1614,-14649,12621,-4753,-7875
12831,1949,-14785,12584,-4503,-8087
12624,2282,-14914,12534,-4252,-8289
12412,2614,-15035,12484,-3999,-8490
12199,2948,-15151,12429,-3745,-8690
11974,3276,-15257,12364,-3488,-8882
11748,3605,-15360,12296,-3231,-9071
11518,3933,-15458,12224,-2972,-9258
11280,4257,-15544,12144,-2710,-9439
